CNS5,GJ,Comp,NComp,GaiaDR3,HIP,RAJ2000,DEJ2000,plx,e_plx,pmRA,pmDE,RV,e_RV,Gmag,RPmag,Ksmag,W1mag,SimbadName
730,"10400 ","    ",,,,43.5398152,2.3996059,146.1,1.5,2562.61,222.0,,,,,16.006,15.807," CNS5  730"
659,"105   ","B   ",2,18565464288396416,,39.07167733324,6.87808989817,138.49,0.05,1801.67,1450.49,,,10.333128,9.096833,6.574,6.481," CNS5  659"
658,"105   ","A   ",2,19316224572460416,12114,39.02838450658,6.89333910758,138.34,0.36,1778.59,1477.31,25.23,0.13,5.4983196,4.820522,3.481,2.598," CNS5  658"
723,"10393 ","    ",,35227046884571776,,43.26964247679,16.86437381898,261.0,0.12,3429.08,-3805.54,63.0,5.0,12.263103,10.790128,7.585,7.145," CNS5  723"
510,"83.1  ","    ",,76868614540049408,,30.05898704765,13.04407120112,223.79,0.08,1096.46,-1771.53,,,10.681062,9.383672,6.648,6.464," CNS5  510"
438,"68    ","    ",,96331172942614528,7981,25.62258568628,20.26551918226,130.82,0.18,-300.74,-673.54,-33.58,0.17,4.99968,4.417333,3.285,3.274," CNS5  438"
688,"109   ","    ",,114207651462714880,12781,41.06888178038,25.52175109435,130.24,0.03,864.53,-363.2,,,9.467294,8.316322,5.961,," CNS5  688"
90,"15    ","B   ",2,385334196532776576,,4.62530068122,44.02874451664,280.74,0.03,2862.8,336.43,,,9.686646,8.455489,5.948,," CNS5   90"
89,"15    ","A   ",2,385334230892516480,1475,4.61322625756,44.02478674399,280.74,0.02,2891.52,411.83,11.51,0.14,7.218567,6.16774,4.018,3.872," CNS5   89"
317,"53    ","    ",,411413822074322432,5336,17.0947498612,54.91320397756,130.29,0.5,3468.25,-1564.84,-96.93,0.18,4.9480124,4.404382,3.505,3.311," CNS5  317"
239,"34    ","A   ",2,425040000962559616,3821,12.28522738152,57.81272812559,168.83,0.19,1078.61,-551.13,,,3.3200667,2.848621,1.988,," CNS5  239"
238,"34    ","B   ",2,425040000962497792,3821,12.28118476422,57.81573918855,168.75,0.02,1144.69,-469.67,10.45,0.14,6.762044,5.855964,3.881,," CNS5  238"
1119,"169.1 ","A   ",2,470826482637310080,21088,67.80919062833,58.96797997155,181.28,0.06,1300.36,-2046.11,,,9.702565,8.451808,5.717,," CNS5 1119"
1121,"169.1 ","B   ",2,470826482637310848,,67.81389197465,58.96948120514,181.3,0.03,1334.78,-1947.64,,,12.33619,12.051627,,," CNS5 1121"
809,"10442 ","    ",,,,48.3583505,78.1289761,135.6,2.8,73.9,53.8,,,,,,15.953," CNS5  809"
2217,"3522  ","ABC ",3,,,134.73635,8.47245119216,147.66,1.98,371.2,-323.4,,,,,,," CNS5 2217"
2533,"388   ","    ",,625453654702751872,,154.89881370111,19.86980990545,201.45,0.03,-498.62,-43.43,,,8.204091,7.032551,4.593,," CNS5 2533"
2209,"1116  ","B   ",2,660597997697274752,,134.55869151139,19.76257888199,196.28,0.26,-937.13,-34.56,,,12.48557,11.024552,,6.642," CNS5 2209"
2210,"1116  ","A   ",2,660597997696173440,,134.55918967907,19.76295984349,194.16,0.15,-767.06,-100.18,,,11.96628,10.547036,,6.642," CNS5 2210"
2232,"11309 ","    ",,685103912857072640,,135.09564332221,21.83206259693,157.34,0.06,-514.94,-592.25,8.6,,13.413064,11.951592,8.437,8.215," CNS5 2232"
2383,"11388 ","    ",,,,144.3984776,29.5242396,163.4,1.8,955.2,-1319.8,,,,,15.267,14.088," CNS5 2383"
2093,"1111  ","    ",,703790044252850688,,127.45009240231,26.77328596508,279.26,0.08,-1113.69,-612.19,53.84,5.53,12.167455,10.705456,7.26,6.946," CNS5 2093"
2079,"11222 ","    ",,,,126.2807258,28.096749,152.6,2.0,-66.7,-235.8,,,,,,18.444," CNS5 2079"
2696,"411   ","    ",,762815470562110464,54035,165.83095967578,35.94865303266,392.78,0.04,-580.06,-4776.59,,,6.551172,5.475513,3.501,," CNS5 2696"
2703,"412   ","B   ",2,778947608243864320,,166.35208967877,43.52590762036,203.84,0.06,-4339.85,960.7,,,12.257253,10.854758,7.839,," CNS5 2703"
2702,"412   ","A   ",2,778947814402602752,54211,166.34205974428,43.53094856108,203.92,0.04,-4406.47,938.53,,,7.912665,6.877863,,4.641," CNS5 2702"
2501,"380   ","    ",,823773494718931968,49908,152.83292895823,49.4519888971,205.31,0.03,-1363.29,-505.77,-26.49,0.13,5.9611735,5.066091,2.962,2.232," CNS5 2501"
1713,"251   ","    ",,939072613334579328,33226,103.70012922714,33.26640801817,179.11,0.03,-726.67,-398.1,,,8.863551,7.69554,5.275,5.119," CNS5 1713"
1784,"268   ","    ",,946632924007399936,34603,107.50514340449,38.52526941965,165.21,0.07,-439.42,-944.79,,,9.934659,8.641891,5.846,5.667," CNS5 1784"
1499,"3378  ","    ",,999747822484300800,,90.29510135819,59.59306278611,129.35,0.03,-104.94,-928.63,,,10.417205,9.196526,6.639,," CNS5 1499"
2293,"338   ","A   ",2,1022456139210632064,45343,138.58356161522,52.68408016691,157.92,0.02,-1545.79,-569.05,10.77,0.14,6.976026,6.046104,3.988,," CNS5 2293"
2295,"338   ","B   ",2,1022456104850892928,120005,138.59131179667,52.68342944184,157.92,0.02,-1573.04,-659.91,11.98,0.18,7.054455,6.112956,4.136,," CNS5 2295"
2891,"445   ","    ",,1129149723913123456,57544,176.93940798148,78.69329745305,190.36,0.02,748.42,480.8,,,9.551337,8.347287,5.954,5.816," CNS5 2891"
3674,"566   ","A   ",2,1237090738916392704,72659,222.84805147385,19.10026964007,148.07,0.15,127.47,-40.57,1.49,0.17,4.4804826,3.944436,,," CNS5 3674"
3673,"566   ","B   ",2,1237090738916392832,,222.84664266523,19.10110410795,148.21,0.06,133.38,-182.06,2.29,0.18,6.4300914,5.615121,,," CNS5 3673"
3722,"12162 ","    ",,1267906854386665088,,225.83214225859,25.42464448982,155.78,0.73,87.41,557.78,,,20.300144,18.523335,13.963,13.436," CNS5 3722"
4198,"3991  ","    ",,1355264565043431040,83945,257.38347211917,43.68010580899,131.64,0.48,332.03,-274.5,,,10.453175,9.206718,6.485,6.32," CNS5 4198"
4217,"661   ","    ",,,84140,258.03175316944,45.66984263223,167.29,5.02,348.59,-1624.84,,,,,,," CNS5 4217"
4022,"625   ","    ",,1428427236986209024,80459,246.35588833282,54.3033386656,154.38,0.02,432.23,-171.65,,,9.139769,8.049889,5.833,5.707," CNS5 4022"
3482,"12023 ","    ",,,,211.3263496,55.5726027,158.2,2.6,-2334.8,226.8,,,,,,18.765," CNS5 3482"
4343,"687   ","    ",,1637645127018395776,86162,264.1040525732,68.33349763759,219.82,0.02,-320.67,-1269.89,,,8.02864,6.867062,4.548,4.398," CNS5 4343"
4408,"1221  ","    ",,1638979384378696704,,267.01612290515,70.88157381434,161.02,0.01,-1266.39,1108.8,,,13.778201,13.176234,12.507,12.403," CNS5 4408"
3734,"12169 ","    ",,1695191332232990720,,226.70263614662,70.46161913358,193.94,0.61,-1194.18,1042.19,,,20.225025,18.33195,13.826,13.403," CNS5 3734"
5175,"13033 ","    ",,,,314.1203498,14.9982476,140.8,2.0,825.8,528.8,,,,,,16.48," CNS5 5175"
5297,"829   ","    ",,1784473016438653056,106106,322.40807988217,17.64497780267,147.54,0.03,1007.04,378.4,,,9.108492,7.917384,5.453,5.298," CNS5 5297"
5218,"820   ","B   ",2,1872046574983497216,104217,316.75366275256,38.75607277206,286.01,0.03,4105.98,3155.94,-64.43,0.13,5.4506445,4.556912,2.544,," CNS5 5218"
5217,"820   ","A   ",2,1872046609345556480,104214,316.748479294,38.7638624465,285.99,0.07,4164.21,3249.61,-65.94,0.14,4.766713,3.977203,2.248,," CNS5 5217"
5474,"13202 ","    ",,,,332.2739704,27.1954646,161.7,2.0,1202.2,-1365.4,,,,,,18.831," CNS5 5474"
5844,"905   ","    ",,1926461164913660160,,355.48001525816,44.17037570075,316.54,0.05,112.53,-1591.65,-77.76,0.0,10.379277,9.017014,5.929,5.694," CNS5 5844"
5620,"873   ","    ",,1934263333784036736,112460,341.70282545224,44.33195332332,198.0,0.02,-706.22,-458.92,,,9.005235,7.791977,5.299,5.202," CNS5 5620"
5362,"13136 ","    ",,1952802469918554368,,326.59288194186,38.21751708114,141.94,0.02,161.45,-119.74,,,10.830858,9.60365,7.198,6.947," CNS5 5362"
5550,"860   ","AB  ",2,,110893,337.00174035238,57.69701975999,249.94,1.87,-865.47,-461.53,,,,,,," CNS5 5550"
5718,"892   ","    ",,2009481748875806976,114622,348.33773395483,57.16966644274,152.86,0.06,2074.41,294.45,-18.64,0.19,5.2318964,4.550234,3.261,," CNS5 5718"
4832,"12834 ","    ",,2019802555283940608,,292.1717532597,23.93500479838,146.41,1.15,-247.0,240.43,,,20.663187,18.5078,13.609,13.574," CNS5 4832"
4953,"12908 ","    ",,,,300.2091405,36.4972582,133.4,2.2,6.1,372.8,,,,,16.798,15.08," CNS5 4953"
4921,"1245  ","    ",,2079073928612821760,,298.48192590176,44.41290615923,214.6,0.06,349.36,-480.32,5.43,0.1,11.908311,10.509522,7.387,7.117," CNS5 4921"
4601,"12692 ","    ",,2091177593123254016,,278.90744884954,32.9947871587,175.86,0.05,-72.65,-755.15,8.4,2.0,14.850962,13.305739,9.171,8.837," CNS5 4601"
4607,"721   ","    ",,,91262,279.23410824812,38.78299326196,130.23,0.36,200.94,286.23,,,,,,," CNS5 4607"
4634,"725   ","B   ",2,2154880616774131712,91772,280.68308624583,59.63514545482,283.86,0.03,-1400.26,1862.53,,,8.524704,7.334221,,," CNS5 4634"
4633,"725   ","A   ",2,2154880616774131840,91768,280.68307083523,59.63835790775,283.86,0.02,-1311.68,1792.32,,,7.854393,6.705933,4.432,," CNS5 4633"
4461,"12603 ","    ",,2161121135533953536,,270.57119282073,64.26058361909,128.33,0.04,196.39,-383.79,,,11.758081,10.448387,7.652,7.449," CNS5 4461"
5164,"809   ","    ",,2195886971653527168,103096,313.3324563031,62.1509577015,142.08,0.02,0.26,-773.1,-17.59,0.16,7.756715,6.747296,4.618,4.518," CNS5 5164"
4531,"4053  ","    ",,2257597439718033536,,274.74325647947,66.19061665488,130.87,0.03,434.81,-442.79,,,11.911708,10.623832,7.948,7.707," CNS5 4531"
4846,"764   ","    ",,2261614264931057664,96100,293.09759805108,69.65345106255,173.49,0.09,597.38,-1738.29,26.58,0.16,4.449041,3.865173,2.9,," CNS5 4846"
19,"1     ","    ",,2306965202564744064,439,1.38328415235,-37.36774402806,230.12,0.04,5633.44,-2334.72,25.29,0.15,7.6824937,6.61627,4.523,4.403," CNS5   19"
121,"2005  ","ABC ",3,2322561156529549440,,6.18360970657,-27.13725776002,129.32,0.16,-92.74,695.96,-35.1,3.0,13.158741,11.586876,8.241,7.811," CNS5  121"
334,"54.1  ","    ",,2358524597030794112,5643,18.13325425371,-16.99615487248,269.11,0.04,1205.07,637.55,,,10.436525,9.13462,6.42,6.164," CNS5  334"
69,"1005  ","    ",,,1242,3.86527706007,-16.13230908599,200.53,9.41,731.83,-607.73,,,,,,," CNS5   69"
28,"1002  ","    ",,2441630500517079808,,1.67635042594,-7.54647532526,206.37,0.06,-811.57,-1893.25,,,11.773832,10.397489,7.439,," CNS5   28"
448,"71.0  ","    ",,2452378776434477184,8102,26.00905505716,-15.93368020069,273.96,0.17,-1721.05,854.16,,,3.3003998,2.748299,1.794,-0.55," CNS5  448"
233,"33    ","    ",,2552925644460225152,3765,12.09910707516,5.27553944692,134.49,0.07,755.89,-1141.72,-10.41,0.15,5.467689,4.828774,3.683,," CNS5  233"
240,"35    ","    ",,2552928187080872832,3829,12.29674025046,5.37655660843,231.81,0.02,1231.4,-2711.88,,,12.299163,11.933642,11.498,11.41," CNS5  240"
405,"10218 ","    ",,2572901021957789568,,24.24124978792,9.56307045476,163.45,0.46,1238.24,-16.16,11.5,0.4,19.486692,17.640982,12.562,11.941," CNS5  405"
5522,"4274  ","    ",,2595284016771502080,,335.7805928443,-17.61050757069,138.25,0.06,308.71,-718.39,,,11.550707,10.227819,7.319,7.013," CNS5 5522"
5586,"866   ","ABC ",3,,,339.650693945,-15.28964705186,293.6,0.9,2314.8,2295.3,,,,,,," CNS5 5586"
5644,"876   ","    ",,2603090003484152064,113020,343.32411100184,-14.26668939352,214.09,0.04,957.71,-673.6,,,8.875059,7.643721,5.01,4.863," CNS5 5644"
5811,"1286  ","    ",,2640434056928150400,,353.79706943772,-2.39279939437,139.36,0.06,781.42,-841.52,,,12.623748,11.245876,8.183,," CNS5 5811"
5871,"908   ","    ",,2739689239311660672,117473,357.30660382313,2.3969179442,169.26,0.03,992.72,-968.81,-71.79,0.17,8.152917,7.120805,5.043,4.967," CNS5 5871"
5897,"13441 ","    ",,,,358.5116543,2.6705854,130.6,3.3,503.5,-399.5,,,,,,18.263," CNS5 5897"
245,"10131 ","    ",,,,12.440225,21.8554683,140.4,2.1,-479.4,-54.0,,,,,15.86,15.92," CNS5  245"
5800,"896   ","A   ",2,2824770686019003904,116132,352.97012375451,19.9369928266,159.71,0.04,578.01,-59.77,-0.02,0.31,9.043998,7.846364,5.326,," CNS5 5800"
5801,"896   ","B   ",2,2824770686019004032,,352.97167530306,19.93731374687,159.97,0.06,552.35,20.27,,,10.828941,9.530133,6.262,," CNS5 5801"
5663,"880   ","    ",,2828928008202069376,113296,344.14022173121,16.55216937228,145.66,0.03,-1034.73,-284.13,-27.99,0.16,7.795021,6.747774,4.523,4.396," CNS5 5663"
17,"10008 ","    ",,,,1.3229134,37.6223382,126.9,2.1,997.3,-271.6,,,,,,16.764," CNS5   17"
1528,"229   ","A   ",2,2940856402123426176,29295,92.64357908168,-21.86782311323,173.59,0.02,-135.69,-719.18,4.02,0.16,7.3134713,6.291551,4.166,," CNS5 1528"
1529,"229   ","B   ",2,,,92.645,-21.866667,173.7,0.05,-135.99,-719.09,,,,,,," CNS5 1529"
1675,"244   ","B   ",2,2947050466531873024,,101.28662552099,-16.72093252602,374.51,0.26,-461.57,-914.52,,,8.524133,8.398789,,," CNS5 1675"
1676,"244   ","A   ",2,,32349,101.28854105207,-16.71314306264,379.21,1.58,-546.01,-1223.07,,,,,,," CNS5 1676"
1470,"9193  ","    ",,3022956969731332096,,88.79209555774,-4.17892709155,155.28,0.02,535.25,-2317.01,,,14.236672,13.592983,12.777,12.543," CNS5 1470"
1819,"11068 ","    ",,,,110.01338013598,-8.78105451925,147.1,1.2,-46.0,-116.5,83.1,0.4,,,9.467,9.174," CNS5 1819"
1828,"11075 ","    ",,,,110.6136616,-5.6749459,242.8,2.4,-904.1,352.0,,,,,,15.25," CNS5 1828"
2033,"299   ","    ",,3098328182579892096,,122.9946825611,8.75040152206,147.72,0.11,1069.81,-5094.22,,,11.397289,10.137975,7.66,," CNS5 2033"
1610,"234   ","    ",,,30920,97.34581159163,-2.81247674867,242.32,3.12,705.28,-611.92,,,,,,," CNS5 1610"
1909,"285   ","    ",,3136952686035250688,37766,116.16583593088,3.55048444549,167.03,0.04,-347.78,-445.7,,,9.692206,8.419889,5.698,5.566," CNS5 1909"
1895,"280.0 ","    ",,,37279,114.82724201809,5.22750757748,284.56,1.26,-714.59,-1036.8,,,,,,," CNS5 1895"
1843,"273   ","    ",,3139847906307949696,36208,111.85462844259,5.20938270171,264.16,0.05,571.23,-3691.49,,,8.576388,7.353947,4.857,4.787," CNS5 1843"
1257,"3323  ","    ",,3187115498866675456,,75.48680521252,-6.94858740903,186.1,0.03,-551.75,-533.65,,,10.649305,9.380491,6.736,6.548," CNS5 1257"
1054,"10582 ","    ",,,,63.8386066,-9.5834569,175.2,1.7,2214.3,535.9,,,,,15.429,15.14," CNS5 1054"
1053,"166   ","B   ",3,3195919254111315712,,63.83078752438,-7.67295213541,199.69,0.06,-2236.17,-3338.96,,,9.54224,9.672128,9.861,," CNS5 1053"
1052,"166   ","C   ",3,3195919254111314816,,63.82965602087,-7.67090338261,199.45,0.08,-2247.18,-3409.82,,,9.775309,8.501209,5.962,5.701," CNS5 1052"
1051,"166   ","A   ",3,3195919528989223040,19849,63.80795300602,-7.66807781502,199.61,0.14,-2240.08,-3421.81,-42.62,0.42,4.179894,3.569749,2.498,," CNS5 1051"
1375,"205   ","    ",,3209938366665770752,25878,82.86754111476,-3.68652760191,175.34,0.02,761.63,-2092.21,8.26,0.14,7.1082892,6.069535,4.039,3.79," CNS5 1375"
1035,"10571 ","    ",,,,62.594817,15.0466433,151.3,2.0,960.3,-2219.4,,,,,,18.17," CNS5 1035"
1492,"3379  ","    ",,3316364602541746048,,90.0159764416,2.7063740799,192.06,0.03,309.15,-40.37,,,9.901327,8.654313,6.042,," CNS5 1492"
1338,"10757 ","    ",,,,80.3596123,10.424549,150.2,3.0,223.7,-438.3,,,,,14.665,14.105," CNS5 1338"
1415,"213   ","    ",,3340477717172813568,26857,85.54770759482,12.48235991779,172.73,0.03,1997.34,-1569.35,,,10.11378,8.873728,6.389,," CNS5 1415"
1735,"1093  ","    ",,3365063724883180288,,104.87435115777,19.34487368505,129.01,0.08,909.12,-894.55,,,12.776403,11.390862,8.23,7.985," CNS5 1735"
1517,"10869 ","    ",,3426333598021539840,,91.91027346627,24.49769408806,138.06,0.51,-472.87,-318.46,-11.9,1.1,19.54577,17.854399,12.469,11.539," CNS5 1517"
2747,"11600 ","    ",,,,168.7031229,-26.3077591,179.2,1.4,-3021.5,-389.5,,,,,16.109,15.251," CNS5 2747"
3323,"514   ","    ",,3738099879558957952,65859,202.50420163284,10.37238957413,131.14,0.03,1127.34,-1073.89,14.05,0.21,8.205292,7.178842,5.036,4.823," CNS5 3323"
3403,"526   ","    ",,3741297293732404352,67155,206.44056584486,14.8850527046,184.03,0.03,1776.01,-1455.16,15.56,0.15,7.6105833,6.56938,4.415,," CNS5 3403"
2648,"3622  ","    ",,3757613049856225792,,162.05518399901,-11.34280331974,219.35,0.08,579.02,-1530.08,-0.2,3.0,12.837447,11.359858,7.926,7.662," CNS5 2648"
2890,"447   ","    ",,3796072592206250624,57548,176.93768799004,0.79911997024,296.36,0.03,607.3,-1223.03,,,9.601,8.327767,5.654,5.437," CNS5 2890"
2508,"382   ","    ",,3828238392559860992,49986,153.07293731001,-3.74674755302,129.79,0.03,-152.76,-243.69,7.21,0.33,8.331761,7.257185,5.015,4.838," CNS5 2508"
2567,"393   ","    ",,3855208897392952192,51317,157.22878342623,0.83774688777,142.14,0.02,-602.99,-731.88,7.43,0.46,8.675959,7.582168,5.311,5.18," CNS5 2567"
2657,"402   ","    ",,3864615459886222464,53020,162.71296406817,6.80448953812,143.6,0.03,-856.29,-818.58,,,10.290781,9.050169,6.371,," CNS5 2657"
2674,"406   ","    ",,3864972938605115520,,164.10319030756,7.00272694098,415.18,0.08,-3866.34,-2699.21,19.32,0.15,11.038391,9.58545,6.084,5.836," CNS5 2674"
3093,"473   ","B   ",2,3902874650601954816,,188.31467677588,9.02182920834,223.51,0.53,-1710.47,203.1,,,11.240162,9.539625,6.042,5.835," CNS5 3093"
3092,"473   ","A   ",2,3902874650602495232,,188.31449280185,9.02209162485,231.12,0.58,-1795.66,217.79,,,11.235116,9.381813,6.042,5.835," CNS5 3092"
3023,"1156  ","    ",,3907283967108054528,,184.74174734459,11.12695237203,154.72,0.05,-1269.77,203.44,,,11.926109,10.567221,7.57,," CNS5 3023"
2689,"408   ","    ",,3988987164339438208,53767,165.0156786024,22.83170230266,148.24,0.03,-426.96,-282.3,,,8.977005,7.845749,5.495,5.311," CNS5 2689"
4678,"729   ","    ",,4075141768785646848,92403,282.45878901752,-23.83709744873,336.08,0.04,639.37,-193.96,,,9.126414,7.898147,5.37,5.19," CNS5 4678"
4233,"663   ","B   ",3,4109030160308317312,84405,258.83511696459,-26.60789783205,168.13,0.12,-465.86,-1141.17,,,4.828591,4.222806,,," CNS5 4233"
4232,"663   ","A   ",3,4109030160308320128,84405,258.83412017813,-26.6068066154,168.0,0.15,-498.6,-1149.16,,,4.831335,4.229096,,," CNS5 4232"
4238,"664   ","C   ",3,4109034455276324608,84478,259.0532941001,-26.55114609488,167.96,0.04,-479.57,-1124.33,-0.04,0.22,5.889863,5.116134,3.466,," CNS5 4238"
4485,"1224  ","    ",,4145870293808914688,,271.88396508794,-15.96461682602,125.47,0.04,-618.41,-347.01,,,11.863026,10.560308,7.827,7.482," CNS5 4485"
4472,"701   ","    ",,4177731838628465408,88574,271.2841138366,-3.03279800184,129.26,0.03,569.74,-332.73,32.26,0.19,8.519395,7.482928,5.306,5.236," CNS5 4472"
4667,"12735 ","    ",,4286249341336984576,,282.07475874496,7.69032389481,131.29,0.05,376.04,248.72,,,12.296879,10.945549,7.913,7.696," CNS5 4667"
4780,"752   ","B   ",2,4293315765165489536,,289.23737369675,5.14437331543,169.03,0.07,-598.76,-1366.06,29.0,5.0,14.3032875,12.774753,8.765,8.535," CNS5 4780"
4779,"752   ","A   ",2,4293318823182081408,94761,289.22765150362,5.16297630267,169.1,0.03,-579.08,-1332.87,35.55,0.16,8.099911,6.97715,4.673,," CNS5 4779"
4912,"768   ","    ",,,97649,297.69450818881,8.86738473117,194.95,0.57,536.23,385.29,,,,,,," CNS5 4912"
4043,"628   ","    ",,4330690742322011520,80824,247.57481416249,-12.66785108081,232.19,0.03,-94.21,-1183.92,-21.61,0.33,8.801877,7.590719,5.075,," CNS5 4043"
4137,"644   ","CD  ",5,4339417394313320192,,253.89324627149,-8.39852302311,154.04,0.06,-813.04,-870.61,15.39,0.11,13.813289,12.324193,8.816,8.619," CNS5 4137"
4136,"644   ","AB  ",5,,82817,253.87185188909,-8.33420679988,161.41,5.64,-825.84,-873.53,,,,,,," CNS5 4136"
4135,"643   ","E   ",5,4339465360510320128,82809,253.85142032581,-8.32657626384,153.88,0.05,-817.58,-898.59,,,10.444497,9.227242,6.724,," CNS5 4135"
4280,"673   ","    ",,4375233191015944192,85295,261.43588748671,2.10615776288,129.68,0.02,-580.32,-1184.74,,,6.934473,6.047124,4.37,," CNS5 4280"
4458,"12601 ","    ",,4468009917744160000,,270.11114463029,1.58076369973,128.05,0.5,183.73,-384.11,-5.1,0.7,19.574926,17.875895,12.421,11.543," CNS5 4458"
4474,"702   ","B   ",2,4468557611977674496,88601,271.36591160904,2.49419875809,195.86,0.29,333.29,-1068.35,,,5.5392184,4.73547,,," CNS5 4474"
4473,"702   ","A   ",2,4468557611984384512,88601,271.36445381846,2.49522409591,195.57,0.23,206.53,-1107.49,,,3.987364,3.405753,,," CNS5 4473"
4449,"699   ","    ",,4472832130942575872,87937,269.44850252544,4.73942005111,547.02,0.05,-801.55,10362.39,,,8.1939745,6.958091,,," CNS5 4449"
4370,"12549 ","    ",,,,265.3509582,25.8886722,214.3,2.8,-505.3,-1472.6,,,,,16.89,15.301," CNS5 4370"
4359,"12541 ","    ",,,,264.6480292,27.549694,130.9,2.1,337.1,-343.4,,,,,,17.71," CNS5 4359"
125,"19    ","    ",,4683897617110115200,2021,6.48250498843,-77.25279546755,134.07,0.11,2219.54,324.09,,,2.6807318,2.371489,1.372,-0.655," CNS5  125"
965,"10528 ","    ",,,,57.5013025,-56.975144,176.4,2.3,-208.7,-575.4,,,,,,18.699," CNS5  965"
732,"10402 ","    ",,4752399493622045696,,43.77198593477,-47.01672835623,205.43,0.19,1012.44,-554.03,,,18.598427,16.880054,11.558,10.769," CNS5  732"
1036,"1068  ","    ",,4780100658292046592,,62.6110002578,-53.61299677065,140.69,0.03,-825.18,-2415.58,,,11.902864,10.605541,7.9,," CNS5 1036"
1304,"191   ","    ",,4810594479418041856,24186,77.95993735022,-45.04381269936,254.21,0.02,6491.22,-5708.61,244.99,0.18,8.063552,7.059598,5.049,," CNS5 1304"
843,"139   ","    ",,4847957293278177024,15510,50.00034361894,-43.06655252783,165.52,0.09,3035.02,726.96,87.9,0.43,4.063915,3.508293,2.636,," CNS5  843"
919,"1061  ","    ",,4848140361962951552,,54.00339387736,-44.51436231605,272.19,0.04,745.65,-373.32,,,10.995456,9.615727,6.61,," CNS5  919"
931,"10513 ","    ",,4860376345833699840,,54.89857020678,-35.42759363988,155.67,0.06,309.0,269.06,7.43,0.72,15.439572,13.887415,9.548,9.134," CNS5  931"
424,"65    ","A   ",2,5140693571158739840,,24.77155429345,-17.94829988713,369.93,0.27,3385.8,532.0,29.0,2.0,10.507542,9.067688,5.343,5.115," CNS5  424"
425,"65    ","B   ",2,5140693571158946048,,24.77167420821,-17.94768286001,373.84,0.56,3178.69,584.06,,,10.817838,9.423653,,," CNS5  425"
757,"3193  ","ABC ",3,5153091836072107136,14101,45.46242451176,-16.59453280551,145.73,0.03,-369.97,-267.93,,,10.058402,8.88558,6.496,6.405," CNS5  757"
905,"144.0 ","    ",,5164707970261890560,16537,53.22829341518,-9.45816821629,310.58,0.16,-974.76,20.88,,,3.465752,2.84215,1.776,-0.792," CNS5  905"
2402,"1128  ","    ",,5243594081269535872,,145.69216012444,-68.87998537875,153.78,0.03,-75.83,1128.85,,,11.133258,9.839672,7.037,6.815," CNS5 2402"
2631,"3618  ","    ",,5254061535106490112,,161.08527551333,-61.20263830459,206.97,0.05,-346.21,1611.1,,,11.859422,10.474081,7.728,," CNS5 2631"
2055,"11204 ","    ",,5278042880077383040,,124.3735180552,-61.91613022265,191.79,0.41,-156.45,1099.37,,,20.0352,18.231085,13.52,12.972," CNS5 2055"
2877,"440   ","    ",,5332606522595645952,57367,176.4566466173,-64.8430528461,215.72,0.02,2661.64,-344.93,,,11.423104,11.230018,11.104,11.038," CNS5 2877"
2653,"11551 ","AB  ",2,,,162.314706,-53.3183847,500.51,0.11,-2754.77,358.72,,,,,8.841,7.872," CNS5 2653"
2647,"11547 ","    ",,5393446658454453632,,162.05388771667,-39.93962594731,247.28,0.06,-1179.31,-988.12,-11.0,2.0,14.005882,12.46335,8.447,8.08," CNS5 2647"
1899,"11110 ","    ",,5535361753834861312,,115.04626042328,-42.95894881178,125.3,0.03,-483.46,504.77,,,12.030774,10.699945,7.768,," CNS5 1899"
1850,"11087 ","    ",,,,112.247914,-39.8959328,126.0,8.0,-567.0,1643.0,,,,,15.29,15.292," CNS5 1850"
2389,"11394 ","    ",,,,144.8997273,-24.8108263,187.0,5.0,573.4,-1044.7,,,,,16.556,14.906," CNS5 2389"
2125,"11250 ","    ",,5753687109122994048,,128.92481210229,-8.32181826675,138.31,0.21,-534.81,301.65,29.89,0.06,,16.847324,11.136,10.407," CNS5 2125"
2194,"11286 ","    ",,,,133.7947598,-7.2451456,439.0,2.4,-8123.7,673.2,,,,,,17.819," CNS5 2194"
4091,"12393 ","    ",,,,249.9201705,-68.794288,219.6,2.3,578.1,-3107.5,,,,,,17.266," CNS5 4091"
3591,"551   ","C   ",3,5853498713190525696,70890,217.39232147201,-62.67607511677,768.07,0.06,-3781.74,769.47,-22.4,0.5,8.984749,7.568535,4.384,4.195," CNS5 3591"
3627,"559   ","AB  ",3,,71683,219.9204081301,-60.83514521898,754.81,4.11,-3679.25,473.67,,,,,,," CNS5 3627"
4403,"693   ","    ",,5918660719983560192,86990,266.63344447279,-57.32506180218,169.83,0.05,-1116.91,-1353.93,,,9.592273,8.416265,6.016,," CNS5 4403"
4293,"674   ","    ",,5951824121022278144,85523,262.17016392212,-46.89910489864,219.68,0.03,572.57,-880.58,,,8.336431,7.193375,4.855,," CNS5 4293"
4348,"682   ","    ",,5955305209191546112,86214,264.26088738973,-44.32338224304,199.74,0.03,-705.95,-938.08,,,9.602153,8.340336,5.606,," CNS5 4348"
4253,"667   ","C   ",3,5975663354131618304,84709,259.75125274377,-34.99779509268,138.11,0.03,1131.52,-215.57,5.68,0.25,9.386162,8.294535,6.036,5.886," CNS5 4253"
4252,"667   ","AB  ",3,,84709,259.73483503586,-34.98957438559,146.29,9.03,1129.76,-77.02,,,,,,," CNS5 4252"
3863,"12259 ","    ",,5985290231327158144,,235.19517746259,-51.0281013069,187.74,0.06,1949.46,-324.79,,,12.7359295,11.288808,7.943,7.632," CNS5 3863"
3826,"588   ","    ",,6002807341299977216,76074,233.04692742483,-41.28017408697,169.03,0.03,-1176.45,-1030.97,,,8.2741785,7.139158,4.759,4.664," CNS5 3826"
3201,"11877 ","    ",,6135947032490329472,,194.77664455324,-43.60796356259,129.5,0.07,1102.92,-264.54,,,14.83373,13.307965,9.52,9.232," CNS5 3201"
3118,"3737  ","    ",,6153483658836320384,,189.70080543574,-38.38740912438,150.1,0.04,-665.16,-1312.64,,,11.226226,9.951601,7.386,," CNS5 3118"
3697,"3877  ","    ",,6224387727748521344,,224.15695945057,-28.16725415148,141.86,0.07,-490.29,-843.48,1.0,2.0,14.061078,12.566201,8.928,8.718," CNS5 3697"
3700,"570   ","A   ",2,6232511606838403968,73184,224.37159427348,-21.42314039626,169.88,0.07,1031.47,-1723.62,26.81,0.13,5.3640366,4.637024,3.048,," CNS5 3700"
3699,"12147 ","B   ",2,,,224.3159972,-21.3689057,170.01,0.09,1031.4,-1723.65,,,,,15.242,14.932," CNS5 3699"
3866,"12260 ","    ",,,,235.465249,-22.840276,166.9,2.0,-902.8,-91.4,,,,,,16.736," CNS5 3866"
3707,"12151 ","    ",,6305165514134625024,,224.97665286075,-18.5377564109,174.04,1.83,8.94,-9.87,,,20.435349,18.809788,,16.878," CNS5 3707"
3739,"12172 ","    ",,6306068659857135232,,226.94794579637,-16.46512505033,135.0,0.26,-151.79,-896.01,-39.85,0.05,17.951569,16.338354,11.312,10.67," CNS5 3739"
3780,"581   ","    ",,6322070093095493504,74995,229.85630133329,-7.72270702416,158.77,0.03,-1221.28,-97.23,,,9.421787,8.251837,5.837,," CNS5 3780"
3614,"555   ","    ",,6324325225803432320,71253,218.56843175697,-12.51692385359,159.98,0.06,-355.14,593.04,,,9.894982,8.646179,5.939,5.867," CNS5 3614"
5449,"845   ","A   ",2,6412595290592307840,108870,330.8724078796,-56.79725466123,274.84,0.11,3966.66,-2536.19,-40.5,0.23,4.322904,3.610557,2.237,," CNS5 5449"
5452,"845   ","B   ",2,6412596012146801152,,331.07645259656,-56.79381206688,270.66,0.7,3981.98,-2466.83,,,18.056162,16.060108,11.208,10.718," CNS5 5452"
4994,"780   ","    ",,6427464123776727168,99240,302.19503988923,-66.18709128442,163.95,0.14,1211.76,-1130.24,,,3.3641381,2.82708,1.933,0.106," CNS5 4994"
4651,"12724 ","    ",,6439125097427143808,,281.29804386226,-63.96056736658,249.67,0.15,2583.19,588.5,-18.0,2.0,14.02148,12.451222,8.508,8.15," CNS5 4651"
5688,"887   ","    ",,6553614253923452800,114046,346.5039166796,-35.84716420822,304.16,0.02,6766.0,1330.29,8.17,0.14,6.5220323,5.491506,3.465,," CNS5 5688"
5309,"832   ","    ",,6562924609150908416,106440,323.39125187764,-49.01263039681,201.35,0.03,-45.92,-816.87,12.52,0.15,7.739947,6.662552,4.501,," CNS5 5309"
5445,"4248  ","    ",,6575069780231675264,,330.62692304344,-37.08193913675,130.42,0.06,805.69,-229.74,,,10.46742,9.25388,6.718,6.546," CNS5 5445"
5246,"825   ","    ",,6583272171336048640,105090,319.2950181381,-38.8724564007,251.91,0.04,-3258.97,-1145.86,20.56,0.13,5.984104,5.039138,3.1,2.094," CNS5 5246"
5660,"879   ","B   ",2,6604147121141267712,113283,344.10194140174,-31.56626896213,131.58,0.03,330.2,-158.6,7.0,0.16,6.0918646,5.346338,3.805,," CNS5 5660"
5665,"881   ","A   ",2,,113368,344.41177298961,-29.62183680296,129.81,0.47,328.95,-164.67,,,,,,," CNS5 5665"
5623,"13282 ","    ",,6623351805412369024,,342.02033817244,-24.3696274176,130.3,0.04,331.61,-183.8,,,11.129232,9.86308,7.206,6.918," CNS5 5623"
4800,"754   ","    ",,6663600360560306560,,290.20411626708,-45.5711061701,169.24,0.07,658.78,-2896.15,,,10.752913,9.472213,6.845,," CNS5 4800"
5017,"784   ","    ",,6673000841376349696,99701,303.477390556,-45.16473054248,162.25,0.03,778.33,-159.94,-33.46,0.52,7.2426615,6.278736,4.281,," CNS5 5017"
5008,"783   ","AB  ",2,6697578465310949376,99461,302.80226904331,-36.10821653737,166.33,0.12,458.88,-1576.73,-129.3,0.14,5.033037,4.404858,,," CNS5 5008"
5161,"13024 ","    ",,6882963066420161664,103039,313.13613275965,-16.97455846821,177.99,0.04,-309.12,37.05,,,10.081701,8.835035,6.199,," CNS5 5161"
