CNS5,GaiaDR3,HIP,tic_id,tic_teff,tic_rad,tic_mass,tic_lum,tic_lclass,ruwe,ipd_frac_multi_peak,flame_mass,flame_rad,flame_age,flame_evol,ew_halpha,ew_halpha_flag,p_active_mdwarf,ca_irt_activity,gspphot_teff,gspphot_logg,kerv_name,sptype,pma_snr,pma_binary,hip_dms,in_wds,hgca_chi2,logRpHK,carm_pEWHa,carm_vsini,rosat_crate,rosat_sep
3591,5853498713190525696,70890,,,,,,,0.971,11,,0.1624,,,0.41900,1,,,2829.3542,5.1373,Proxima Centauri,M5.5Ve,0.87,0,0,1,5.118e-01,,,,1.4792,9.71
3627,,71683,,,,,,,,,,,,,,,,,,,,,,,,,,-5.15331013289,,,3.6750,17.53
4449,4472832130942575872,87937,325554331,3259.0,0.194,0.163,0.00381,,1.085,0,,0.2022,,,0.76538,1,,0.01571,3099.6335,4.7640,Barnard star,M4V,1.77,0,0,0,7.489e+01,-5.10838362833,0.2,<3.0,0.0345,8.10
2653,,,,,,,,,,,,,,,,,,,,,,,,,,,,,,,,
2194,,,,,,,,,,,,,,,,,,,,,,,,,,,,,,,,
2674,3864972938605115520,,,,,,,,0.835,3,,,,,-0.04998,1,,,,,,,,,,,,,-8.7,<3.0,0.2746,15.34
2696,762815470562110464,54035,,,,,,,0.964,0,,0.4177,,,0.23190,1,,,3511.0450,4.8322,HD 95735,M2+V,3.22,1,,0,7.180e+00,-5.19199290327,0.2,<3.0,0.2117,2.60
1676,,32349,,,,,,,,,,,,,,,,,,,,,,,,,,,,,12.8760,5.85
1675,2947050466531873024,,747459985,,,,,,2.419,18,,,,,1.84299,1,,,,,,,,,,,,,,,12.8760,12.58
425,5140693571158946048,,,,,,,,10.453,10,,,,,-1.38980,1,,,,,,,,,,,,,-4.4,32,0.7858,4.37
424,5140693571158739840,,632499596,,,,,,12.367,9,,,,,-0.85486,1,,,,,,,,,,,,,-4.4,32,0.7858,9.10
4678,4075141768785646848,92403,224752354,3261.0,0.210,0.179,0.00451,,0.988,0,,0.2175,,,0.11639,1,,0.03632,3117.3760,4.7760,Ross 154,M3.5Ve,1.20,0,0,1,1.382e+00,,,,1.0735,6.38
5844,1926461164913660160,,2041185141,,,,,,1.027,8,,,,,0.78782,1,,,,,,,,,,,,,,,0.1704,7.47
905,5164707970261890560,16537,,,,,,,2.717,0,0.811,0.7761,7.304,224,-0.03762,0,,,5002.0435,4.5631,eps Eri,K2V,4.41,1,0,1,3.389e+01,-4.51477424440,,,3.5305,6.06
5688,6553614253923452800,114046,155315739,3676.3,0.501,0.540,0.04130,,0.932,0,,0.5835,,,0.32017,1,,0.00341,3376.0845,4.1558,HD 217987,M2V,4.40,1,0,0,9.580e+00,-4.82814910840,,,0.1963,5.58
2890,3796072592206250624,57548,325275315,3163.0,0.210,0.179,0.00396,,1.083,4,,0.2151,,,0.41545,1,,0.02382,3093.4000,5.0554,Ross 128,M4V,0.60,0,0,0,1.459e-01,-5.29754528563,0,<3.0,0.1063,12.49
5586,,,,,,,,,,,,,,,,,,,,,,,,,,,,,,,0.2192,12.15
5218,1872046574983497216,104217,165602023,3948.4,0.690,0.610,0.10421,,0.961,1,,0.6768,,345,0.05883,1,,0.01674,3889.6328,4.5480,61 Cyg B,K7V,136.27,1,0,1,1.664e+04,-4.71621500383,,,0.4905,17.13
5217,1872046609345556480,104214,,,,,,,1.204,0,0.680,0.6823,,288,0.00014,1,,0.01762,4353.7437,4.6322,61 Cyg A,K5V,14.52,1,0,1,3.174e+02,-4.23004212271,,,0.4905,19.87
1895,,37279,,,,,,,,,,,,,,,,,,,,,,,,,,-4.11375960063,,,3.7400,8.34
4634,2154880616774131712,91772,,,,,,,1.313,0,,0.3015,,,0.42754,1,,,3179.6333,4.4099,HD 173740,M3.5V,25.32,1,1,1,9.138e+01,-5.14645514285,,,0.0640,3.33
4633,2154880616774131840,91768,,,,,,,1.008,0,,0.3754,,,0.26386,1,,-0.00165,3352.1920,4.8588,HD 173739,M3V,26.25,1,1,1,7.230e+02,-5.26957602123,,,0.0640,10.27
89,385334230892516480,1475,440109725,,0.406,0.399,0.00000,,1.038,0,,0.4580,,,0.03709,1,,,3352.2085,4.0641,GX And,M2V,51.96,1,0,1,2.456e+03,-5.20539665321,,,0.2877,16.94
90,385334196532776576,,440109718,3259.0,0.195,0.165,0.00388,,1.180,1,,0.2224,,,0.52434,1,,0.01633,3020.2869,4.6976,,,,,,,,-5.03508040831,,,0.2877,19.28
2093,703790044252850688,,3664898,2814.0,0.124,0.099,0.00087,,1.155,1,,,,,-0.13108,1,,,,,,,,,,,,,,,,
5449,6412595290592307840,108870,231698181,4611.1,0.738,0.730,0.22183,,1.148,0,0.739,0.7631,10.488,358,-0.07604,1,,0.01327,4560.3030,4.5249,eps Ind,K5V,15.62,1,0,1,2.875e+02,-4.52073956485,,,0.3257,9.91
448,2452378776434477184,8102,,,,,,,2.634,0,,,,,-0.04058,0,,,,,tau Cet,G8V,1.20,0,0,1,2.043e+00,-5.04233580552,,,0.0735,11.66
919,4848140361962951552,,79611981,2905.0,0.156,0.127,0.00156,,1.192,8,,,,,0.51061,1,,,,,,,,,,,,,,,0.0378,47.98
5452,6412596012146801152,,,,,,,,4.296,8,,,,,,,,,,,,,,,,,,,,,,
334,2358524597030794112,5643,610210976,,,,,,1.001,3,,,,,0.30586,1,,,,,YZ Cet,M4.0Ve,1.29,0,0,0,5.952e+00,-4.73972891045,,,0.2692,14.88
1843,3139847906307949696,36208,,,,,,,1.239,0,,0.3929,,,0.55408,1,,0.01183,3024.3950,4.2393,BD+05 1668,M3.5V,1.83,0,,1,6.298e+00,-5.03885845998,0.1,<3.0,0.0382,30.84
723,35227046884571776,,257870150,2790.0,0.119,0.095,0.00077,,1.304,0,,,,,-0.88578,1,,,,,,,,,,,,,,,,
1304,4810594479418041856,24186,,,,,,,1.170,0,,0.3119,,,0.05713,1,,,3451.8704,4.4062,Kapteyn star,M1VIp,1.74,0,,0,2.958e+01,-5.47562304968,,,0.0652,36.45
5246,6583272171336048640,105090,,,,,,,0.834,1,,,,,0.06386,1,,0.01632,,,AX Mic,M1V,0.78,0,0,0,1.296e+00,-4.60506105233,,,0.1650,2.59
5550,,110893,,,,,,,,,,,,,,,,,,,,,,,,,,-5.11307873989,,,0.4634,5.80
4651,6439125097427143808,,,,,,,,1.262,0,,,,,-0.76341,1,,,,,,,,,,,,,,,,
2647,5393446658454453632,,107012050,,,,,,1.045,0,,,,,0.33420,1,,,,,,,,,,,,,,,,
1828,,,,,,,,,,,,,,,,,,,,,,,,,,,,,,,,
1610,,30920,,,,,,,,,,,,,,,,,,,Ross 614,M4.5V,,,0,1,,,,,0.8464,1.73
4043,4330690742322011520,80824,413948621,3309.0,0.322,0.302,0.01120,,1.149,0,,,,,0.35898,1,,,,,BD-12 4523,M3V,1.41,0,0,1,4.191e+00,-5.08855447634,0.1,<3.0,0.0602,6.73
240,2552928187080872832,3829,257219223,,,,,,1.210,0,,,,,1.65383,1,,,,,Wolf 28,DZ7.5,2.07,0,0,0,1.621e+03,,,,,
3092,3902874650602495232,,,,,,,,6.116,58,,,,,,,,,,,,,,,,,,,,,0.2934,7.38
19,2306965202564744064,439,,,,,,,1.401,0,,0.4524,,,-0.02660,1,,,3355.3533,4.1294,HD 225213,M2V,0.91,0,0,0,3.726e-02,-5.19491985810,,,0.0902,36.33
510,76868614540049408,,404715018,3102.0,0.180,0.150,0.00271,,1.870,4,,,,,0.26657,1,,,,,,,,,,,,,-2.2,<3.0,0.1777,7.14
3093,3902874650601954816,,,,,,,,13.950,40,,,,,,,,,,,,,,,,,,,,,0.2934,8.71
4343,1637645127018395776,86162,233193964,,0.406,0.399,0.00000,,1.215,0,,0.4786,,,0.47336,1,,,3192.2751,4.0126,BD+68 946,M3.0V,1.50,0,0,1,4.055e+00,-5.09410101635,,,0.0814,5.34
4293,5951824121022278144,85523,218263393,3451.0,0.365,0.351,0.01699,,1.054,0,,0.4095,,,0.36413,1,,0.00495,3274.9750,4.6084,CD-46 11540,M3V,1.69,0,0,0,7.143e+00,-4.74405340026,,,0.2768,3.02
4091,,,,,,,,,,,,,,,,,,,,,,,,,,,,,,,,
2648,3757613049856225792,,55099399,,,,,,1.138,0,,,,,-0.15640,1,,,,,,,,,,,,,,,,
2877,5332606522595645952,57367,323485429,,,,,,0.874,0,,,,,1.75833,1,,,,,LAWD 37,DQ,4.08,1,0,0,3.790e+01,,,,,
4921,2079073928612821760,,274127413,2865.0,0.142,0.115,0.00123,,1.611,0,,,,,0.22149,1,,,,,,,,,,,,,,,0.2195,3.13
4370,,,,,,,,,,,,,,,,,,,,,,,,,,,,,,,,
5644,2603090003484152064,113020,188580272,3271.0,0.352,0.337,0.01280,,1.340,5,,0.3730,,,0.34655,1,,,3185.4407,4.7813,BD-15 6290,M3.5V,2.35,0,0,0,3.561e+00,-5.00049546118,,,,
2631,5254061535106490112,,,,,,,,0.951,4,,,,,-0.07918,1,,,,,,,,,,,,,,,,
28,2441630500517079808,,176287658,2902.0,0.144,0.117,0.00132,,1.337,4,,,,,0.32450,1,,,,,,,,,,,,,,,,
732,4752399493622045696,,146692032,,,,,,1.121,1,,,,,,,,,,,,,,,,,,,,,,
2501,823773494718931968,49908,371520835,,0.703,0.666,0.00000,,0.943,0,,0.7213,,387,0.04538,1,,0.02257,3978.8640,4.5458,HD 88230,K6VeFe-1,3.15,1,0,1,3.908e+00,-4.43212068411,,,0.2225,5.78
2702,778947814402602752,54211,,,,,,,0.939,0,,0.4449,,,-0.01197,1,,,3382.1968,4.0950,BD+44 2051,M1.0Ve,7.06,1,,1,2.509e+01,-5.32745387777,0.3,<3.0,0.2588,22.53
2703,778947608243864320,,252803606,2860.0,0.128,0.103,0.00098,,1.033,0,,,,,-0.60565,1,,,,,,,,,,,,,,,0.2588,13.11
2533,625453654702751872,,95431305,,0.422,0.417,0.00000,,1.154,0,,0.4849,,,0.11043,1,,,3187.3616,4.0032,,,,,,,,,,,3.8283,6.29
5309,6562924609150908416,106440,139754153,,0.442,0.437,0.00000,,1.097,0,,0.5245,,,0.10441,1,,,3310.1243,3.9520,HD 204961,M2/3V,14.09,1,0,0,2.783e+02,,,,,
69,,1242,,,,,,,,,,,,,,,,,,,,,,,,,,,,,,
4348,5955305209191546112,86214,16909043,3237.0,0.298,0.275,0.00880,,1.014,7,,0.3036,,,0.44064,1,,0.01947,3155.8037,4.9465,CD-44 11909,M3.5,2.21,0,0,1,1.483e+00,,,,,
1053,3195919254111315712,,,,,,,,1.195,0,,,,,0.90779,0,,,,,,,,,,,,,-4.1,<3.0,0.8503,29.18
1051,3195919528989223040,19849,,,,,,,1.945,0,,,,,-0.04150,0,,0.02024,,,omi02 Eri,K0V,3.78,1,0,1,9.778e+00,-4.92455253368,,,0.8503,56.44
1052,3195919254111314816,,,,,,,,1.531,0,,,,,0.07133,1,,,,,,,,,,,,,-4.1,<3.0,0.8503,22.13
5620,1934263333784036736,112460,154101678,3311.0,0.337,0.319,0.01229,,1.105,0,,,,,-0.08766,1,,,,,EV Lac,M4.0V,1.95,0,0,1,1.137e+01,-3.74945858974,-4.3,3.5,5.4962,3.81
2209,660597997697274752,,471012520,,,,,,3.539,10,,,,,,,,,,,,,,,,,,,,,,
4474,4468557611977674496,88601,1674663308,4360.0,,,,,3.706,0,,,,,-0.23256,1,,0.01978,,,,,,,,,,-4.65256418396,,,1.8809,5.51
4473,4468557611984384512,88601,,,,,,,3.267,0,0.826,0.8819,13.452,336,-0.04698,0,,,5204.6360,4.4810,,,,,,,,-4.65256418396,,,1.8809,0.43
4912,,97649,,,,,,,,,,,,,,,,,,,,,,,,,,-3.97268437397,,,0.1728,7.88
2210,660597997696173440,,197251248,,,,,,2.574,7,,,,,-0.21209,1,,,,,,,,,,,,,,,0.3673,58.94
3734,1695191332232990720,,232535619,,,,,,1.311,0,,,,,,,,,,,,,,,,,,,,,,
1492,3316364602541746048,,282501711,3228.0,0.261,0.232,0.00664,,1.086,4,,0.2675,,,0.24230,1,,0.03693,3138.2870,4.8382,,,,,,,,,-2.2,4.9,0.4695,6.16
2055,5278042880077383040,,309290163,,,,,,1.243,0,,,,,,,,,,,,,,,,,,,,,,
2891,1129149723913123456,57544,358615829,3325.0,0.272,0.245,0.00813,,1.285,2,,0.3347,,,0.69637,1,,0.00762,3056.1953,4.4017,G 254-29,M4.0Ve,1.43,0,0,0,2.060e+00,-5.19957895230,0,<3.0,,
3863,5985290231327158144,,190138951,2824.0,0.130,0.105,0.00097,,1.046,0,,,,,0.24186,1,,,,,,,,,,,,,,,,
2389,,,,,,,,,,,,,,,,,,,,,,,,,,,,,,,,
1257,3187115498866675456,,43605290,3178.0,,,,,1.101,3,,,,,0.35306,1,,,,,,,,,,,,,-0.8,<3.0,0.1161,4.32
3403,3741297293732404352,67155,72465347,,0.482,0.480,0.00000,,1.048,0,,0.5662,,,0.38729,1,,0.00091,3424.9907,4.3303,HD 119850,M2V,0.81,0,0,0,4.950e+00,-4.88399450818,0.4,<3.0,,
1121,470826482637310848,,,,,,,,0.926,0,,,,,1.57824,1,,,,,,,,,,,,,0.1,<3.0,,
1119,470826482637310080,21088,,,,,,,1.218,2,,,,,0.49823,1,,,,,G 175-34,,12.69,1,1,1,2.084e+02,,0.1,<3.0,,
2747,,,,,,,,,,,,,,,,,,,,,,,,,,,,,,,,
1713,939072613334579328,33226,68581262,3398.0,0.368,0.355,0.01625,,1.146,3,,0.3845,,,0.24102,1,,,3337.7017,4.8663,HD 265866,M3V,1.42,0,0,0,5.190e+00,-5.11623651407,0.2,<3.0,,
5161,6882963066420161664,103039,262016943,3225.0,0.261,0.233,0.00665,,1.038,2,,0.3044,,,0.73062,1,,,3000.1555,4.4638,LP 816-60,M4V,3.23,1,0,0,1.008e+01,-5.02159874700,0.1,<3.0,,
965,,,,,,,,,,,,,,,,,,,,,,,,,,,,,,,,
4601,2091177593123254016,,27858644,,,,,,1.096,0,,,,,0.29195,1,,,,,,,,,,,,,,,,
1375,3209938366665770752,25878,50726077,,0.561,0.555,0.00000,,0.964,0,,,,,0.06402,1,,,,,HD 36395,M1.5Ve,2.68,0,0,1,1.301e+01,-4.70168347889,,,0.2158,3.03
1054,,,,,,,,,,,,,,,,,,,,,,,,,,,,,,,,
3707,6305165514134625024,,1179184012,,,,,,1.024,14,,,,,,,,,,,,,,,,,,,,,,
1529,,,,,,,,,,,,,,,,,,,,,,,,,,,,-4.61399235128,,,0.0670,7.36
1528,2940856402123426176,29295,124279525,,0.549,0.544,0.00000,,1.013,0,,,,,0.09290,1,,,,,HD 42581,M1V,136.95,1,0,1,1.304e+04,-4.61399235128,,,0.0670,9.60
4846,2261614264931057664,96100,,,,,,,1.682,1,0.829,0.8265,9.933,280,-0.01983,0,,,5153.2470,4.5007,sig Dra,K0V,0.94,0,0,1,1.417e+00,-4.80807077431,,,0.2877,2.01
1415,3340477717172813568,26857,247463344,3243.0,0.249,0.220,0.00618,,1.115,2,,0.3082,,,0.72769,1,,0.01856,3000.0286,4.4424,Ross 47,M4V,1.12,0,0,0,4.359e+00,-5.31234188862,0,<3.0,,
3699,,,,,,,,,,,,,,,,,,,,,,,,,,,,,,,,
3700,6232511606838403968,73184,287157634,4680.9,0.717,0.750,0.22252,,1.298,0,,0.7871,,363,-0.04794,1,,0.00431,4503.0303,4.5357,HD 131977,K4V,19.67,1,1,1,3.546e+02,-4.87472063257,,,,
4403,5918660719983560192,86990,,,,,,,0.975,2,,0.3420,,,0.59466,1,,0.00622,3104.3184,4.3575,L 205-128,M3.5V,0.78,0,0,0,3.712e+01,,,,,
5871,2739689239311660672,117473,267255253,3685.0,0.417,0.410,0.02885,,1.155,0,,0.4142,,,0.21866,1,,0.00634,3619.1145,4.8356,BR Psc,M1VFe-1,1.56,0,0,0,3.875e-01,-5.20580799326,0.3,<3.0,0.0593,8.05
4800,6663600360560306560,,,,,,,,1.284,2,,,,,0.33863,1,,,,,,,,,,,,,,,,
4779,4293318823182081408,94761,176188045,3499.0,0.473,0.470,0.03018,,0.913,0,,0.5960,,,0.42800,1,,-0.00066,3235.7446,4.1212,HD 180617,M3-V,1.60,0,0,1,5.584e+00,-4.78251595297,0.3,<3.0,0.0184,45.29
4780,4293315765165489536,,176178205,,0.113,0.089,0.00000,,1.270,0,,,,,0.14380,1,,,,,,,,,,,,,,,0.0184,55.74
3826,6002807341299977216,76074,149590989,,0.460,0.457,0.00000,,1.035,0,,0.5613,,,0.49115,1,,0.00406,3211.7449,4.1088,CD-40 9712,M2.5V,2.03,0,0,0,5.419e+00,,,,0.0521,27.07
239,425040000962559616,3821,,,,,,,3.121,0,0.960,1.1434,10.061,333,0.01177,0,,,5726.0100,4.3080,eta Cas,F9V+M0-V,30.22,1,1,1,6.594e+02,-4.84981941070,,,0.1588,19.24
238,425040000962497792,3821,,,,,,,1.039,0,,,,,0.12375,1,,,,,eta Cas,F9V+M0-V,30.22,1,1,1,6.594e+02,-3.66226809268,,,0.1588,8.42
4233,4109030160308317312,84405,1277142190,5143.0,0.721,0.870,0.32747,,0.668,0,0.815,0.7715,6.304,208,-0.06462,1,,0.06079,4997.0127,4.5379,36 Oph,K2V+K1V,4.47,1,1,1,2.924e+01,-4.73770076968,,,0.8864,3.06
4232,4109030160308320128,84405,79454735,5092.7,,,,,0.691,0,0.809,0.7733,7.214,221,-0.07851,1,,0.03010,4991.2360,4.5376,36 Oph,K2V+K1V,4.47,1,1,1,2.924e+01,-4.59456637743,,,0.8864,5.33
4238,4109034455276324608,84478,79841001,4384.9,0.688,0.690,0.15750,,0.738,1,0.682,0.6785,,291,-0.01550,1,,0.01546,4381.2256,4.6238,V2215 Oph,K5V,5.01,1,0,0,9.318e+00,-4.52521884327,,,0.2702,1.70
4217,,84140,,,,,,,,,,,,,,,,,,,,,,,,,,,,,0.0749,21.11
1909,3136952686035250688,37766,266744225,3181.0,0.333,0.315,0.01024,,1.350,5,,0.3737,,,-0.15563,1,,0.04100,3098.9648,4.7247,YZ CMi,M4.0Ve,1.33,0,0,1,2.309e+00,-3.47054130823,-7.5,4,1.4852,29.68
3866,,,,,,,,,,,,,,,,,,,,,,,,,,,,,,,,
5008,6697578465310949376,99461,389198736,4977.2,0.686,0.714,0.26006,,0.949,0,,,,,,,,0.02592,,,HD 191408,K2.5V,2.30,0,0,1,9.177e+00,-5.15299652451,,,,
843,4847957293278177024,15510,,,,,,,1.977,0,0.886,0.9096,9.191,294,-0.05446,0,,0.02268,5427.3184,4.4433,e Eri,G6V,0.41,0,0,0,3.784e-01,-4.96659700311,,,0.0395,14.61
1784,946632924007399936,34603,,,,,,,1.136,3,,,,,0.14078,1,,,,,QY Aur,M4.5Ve,1.89,0,0,0,3.586e+00,,,,0.2795,34.01
4994,6427464123776727168,99240,,,,,,,2.856,0,,1.2616,,399,-0.03469,0,,,5437.5474,4.3012,del Pav,G8IV,1.66,0,0,0,3.381e+00,-4.99181011958,,,0.0772,52.86
405,2572901021957789568,,346896171,,,,,,1.106,0,,,,,,,,,,,,,,,,,,,,,,
2383,,,,,,,,,,,,,,,,,,,,,,,,,,,,,,,,
5017,6673000841376349696,99701,129276723,,0.552,0.547,0.00000,,1.005,0,0.567,0.6419,13.083,214,-0.13844,1,,,3588.5205,4.0644,HD 191849,M0V,1.49,0,0,0,6.171e+00,,,,0.1164,13.20
5474,,,,,,,,,,,,,,,,,,,,,,,,,,,,,,,,
4136,,82817,,,,,,,,,,,,,,,,,,,HD 152751,M3.5Ve,,,,,,-4.42497031225,,,4.2974,3.07
4408,1638979384378696704,,233212451,,,,,,1.064,0,,,,,1.57491,1,,,,,,,,,,,,,,,,
3614,6324325225803432320,71253,294401924,3215.0,0.315,0.294,0.00956,,1.443,0,,0.3736,,,0.70498,1,,0.03002,3000.0550,4.3516,BD-11 3759,M3.5V,1.19,0,0,0,5.038e-01,-5.09092910246,0.1,<3.0,,
5801,2824770686019004032,,2053578164,,,,,,1.588,6,,,,,,,,,,,,,,,,,,,,,2.5671,7.51
5800,2824770686019003904,116132,247985094,3345.0,0.395,0.385,0.01757,,1.317,1,,,,,0.11916,1,,,,,BD+19 5116,M4+M5,169.79,1,1,1,1.757e+04,,,,2.5671,5.16
3780,6322070093095493504,74995,36853511,3396.0,0.330,0.311,0.01303,,1.303,0,,0.3937,,,0.63367,1,,0.00422,3110.4065,4.2666,BD-07 4003,M3V,0.83,0,0,0,4.945e-01,-5.32181537373,0.1,<3.0,,
3482,,,,,,,,,,,,,,,,,,,,,,,,,,,,,,,,
2293,1022456139210632064,45343,251078595,,0.581,0.573,0.00000,,1.084,0,,0.6771,,260,0.15560,1,,0.00931,3745.3840,4.5113,HD 79210,K7V,10.11,1,1,1,1.782e+02,-4.49413508904,0.5,<3.0,0.2841,2.67
2295,1022456104850892928,120005,251078597,,0.586,0.576,0.00000,,1.118,0,,,,,0.08278,1,,,,,HD 79211,M0V,11.97,1,1,1,2.748e+01,-4.46974738142,0.5,<3.0,0.2841,17.60
2232,685103912857072640,,203225829,2814.0,0.127,0.102,0.00091,,1.228,3,,,,,-0.31457,1,,,,,,,,,,,,,,,,
3722,1267906854386665088,,229886390,,,,,,1.274,0,,,,,,,,,,,,,,,,,,,,,,
931,4860376345833699840,,143029977,,,,,,0.999,1,,,,,0.36411,1,,,,,,,,,,,,,,,,
1470,3022956969731332096,,39296409,,,,,,1.033,0,,,,,1.52769,1,,,,,,,,,,,,,,,,
3023,3907283967108054528,,389356212,2948.0,0.172,0.142,0.00202,,1.398,0,,0.1809,,,0.17504,1,,,2912.4417,5.0372,,,,,,,,,-6.7,16.5,0.1628,2.97
4022,1428427236986209024,80459,207492082,3549.0,0.338,0.320,0.01628,,1.049,2,,0.3347,,,0.23552,1,,,3453.4927,4.9103,G 202-48,M1.5V,3.43,1,0,1,1.182e+01,-5.24871542769,0.2,<3.0,0.0273,20.30
4137,4339417394313320192,,181609153,,,,,,1.047,0,,,,,-0.53161,1,,,,,,,,,,,,,,,,
4135,4339465360510320128,82809,,,,,,,1.080,4,,0.2826,,,0.59155,1,,0.01377,3028.3591,4.4886,Wolf 629,M3.5V,2.35,0,0,1,1.584e+01,,,,,
2402,5243594081269535872,,370955883,3107.0,0.213,0.182,0.00381,,1.066,0,,0.2226,,,0.44225,1,,0.02328,3040.3696,5.0426,,,,,,,,,,,,
5718,2009481748875806976,114622,283722336,4884.3,0.751,0.800,0.28888,,0.998,0,,,,,-0.05754,1,,0.00194,,,HD 219134,K3V,1.79,0,0,1,6.319e+00,-4.85580469764,,,0.0317,34.26
2079,,,,,,,,,,,,,,,,,,,,,,,,,,,,,,,,
1035,,,,,,,,,,,,,,,,,,,,,,,,,,,,,,,,
1338,,,,,,,,,,,,,,,,,,,,,,,,,,,,,,,,
3118,6153483658836320384,,144370079,3152.0,0.190,0.159,0.00321,,1.356,5,,,,,0.37827,1,,,,,,,,,,,,,,,,
2689,3988987164339438208,53767,97472519,,0.390,0.380,0.00000,,1.114,0,,0.4774,,,0.40916,1,,-0.00182,3181.3076,4.1923,Ross 104,M4V,1.08,0,0,0,1.007e+00,-4.93380906033,,,,
3673,1237090738916392832,,1101124559,4288.0,0.652,0.670,0.12937,,1.510,0,,0.6620,,341,0.04065,1,,0.04691,4244.4780,4.6362,,,,,,,,-3.73476654782,,,2.8968,5.28
3674,1237090738916392704,72659,1101124558,5496.0,,,,,1.099,0,0.904,0.8553,4.755,212,-0.02394,0,,0.05076,5386.0786,4.4925,ksi Boo,G7Ve,105.41,1,1,1,1.150e+04,-4.33195788331,,,2.8968,4.54
2033,3098328182579892096,,,,,,,,2.097,4,,,,,0.38889,1,,,,,,,,,,,,,,,,
2217,,,,,,,,,,,,,,,,,,,,,,,,,,,,,,,1.6476,4.93
5297,1784473016438653056,106106,96698571,3350.0,0.401,0.392,0.01823,,1.144,0,,,,,0.11189,1,,,,,Ross 775,M3.0Ve,0.79,0,0,0,1.541e+00,-5.11293424283,,,,
1819,,,,,,,,,,,,,,,,,,,,,,,,,,,,,,,,
4832,2019802555283940608,,,,,,,,1.242,5,,,,,,,,,,,,,,,,,,,,,,
4252,,84709,,,,,,,,,,,,,,,,,,,,,,,,,,-4.66637205844,,,0.2250,10.54
730,,,,,,,,,,,,,,,,,,,,,,,,,,,,,,,,
757,5153091836072107136,14101,98796344,3384.0,0.276,0.249,0.00900,,1.073,3,,0.2804,,,0.26030,1,,0.00715,3282.5583,4.9874,BD-17 588,M3.5+M3.0,18.84,1,0,1,2.152e+02,,,,0.2454,4.40
5663,2828928008202069376,113296,217331269,,0.550,0.545,0.00000,,1.055,1,,0.6761,,,0.37994,1,,0.00451,3398.1133,4.1772,HD 216899,M1.5Ve,0.79,0,0,0,6.367e-01,-4.69686103694,,,0.0490,15.17
2657,3864615459886222464,53020,393584005,3243.0,0.293,0.269,0.00855,,1.003,0,,0.3413,,,0.80266,1,,0.02615,3000.7288,4.3615,Wolf 358,M4V,0.72,0,0,1,1.384e+00,-5.01603941296,0.1,<3.0,,
2567,3855208897392952192,51317,277888583,3546.0,0.433,0.428,0.02671,,0.884,0,,0.4919,,,0.02084,1,,,3291.3190,3.9977,BD+01 2447,M2.0Ve,2.27,0,0,0,1.714e+00,-4.82289936910,0.3,<3.0,0.0421,11.09
5164,2195886971653527168,103096,365670764,3729.0,0.544,0.540,0.05154,,0.870,0,,0.6375,,,-0.06321,1,,,3473.9587,3.9736,HD 199305,M1.0Ve,0.67,0,0,1,6.824e-01,-4.63811334971,0.5,<3.0,0.1073,7.74
5362,1952802469918554368,,407688400,3269.0,0.214,0.183,0.00471,,1.193,8,,,,,0.30427,1,,,,,,,,,,,,,0.1,<3.0,,
3697,6224387727748521344,,471012770,,,,,,1.257,1,,,,,-0.50432,1,,,,,,,,,,,,,,,,
5175,,,,,,,,,,,,,,,,,,,,,,,,,,,,,,,,
1036,4780100658292046592,,219223742,3087.0,0.164,0.135,0.00221,,1.259,0,,,,,0.47409,1,,,,,,,,,,,,,,,,
245,,,,,,,,,,,,,,,,,,,,,,,,,,,,,,,,
5811,2640434056928150400,,471016474,,,,,,1.147,0,,0.1522,,,0.48908,1,,,2863.0981,5.0978,,,,,,,,,,,,
659,18565464288396416,,278962913,3248.0,0.279,0.253,0.00782,,1.805,0,,0.3461,,,0.75366,1,,0.01732,3002.6929,4.3483,,,,,,,,,0,<3.0,,
658,19316224572460416,12114,278962915,4828.4,0.760,0.780,0.28272,,7.279,0,,,,,,,,0.00859,,,HD 16160,K3V,60.67,1,0,1,6.078e+03,-4.95309894397,,,0.0718,16.48
2125,5753687109122994048,,51366173,,,,,,1.418,0,,,,,,,,,,,,,,,,,,,,,,
5522,2595284016771502080,,12652442,3060.0,,,,,1.172,8,,,,,0.29565,1,,,,,,,,,,,,,-7.8,<3.0,0.1734,15.58
4253,5975663354131618304,84709,154385809,3650.0,,,,,0.956,2,,0.3578,,,0.16071,1,,,3313.4404,4.2748,,,,,,,,-4.58922221253,,,0.2250,21.57
1517,3426333598021539840,,81192866,,,,,,1.128,0,,,,,,,,,,,,,,,,,,,,,,
809,,,,,,,,,,,,,,,,,,,,,,,,,,,,,,,,
3739,6306068659857135232,,432216119,,,,,,1.163,0,,,,,,,,,,,,,,,,,,,,,,
233,2552925644460225152,3765,257393898,4937.0,0.749,0.810,0.30022,,1.081,0,0.762,0.7732,,299,-0.10350,1,,0.01766,4859.2896,4.5204,HD 4628,K2.5V,0.87,0,0,1,8.143e-01,-4.91224981156,,,0.0475,32.23
125,4683897617110115200,2021,,,,,,,3.646,0,,,,,-0.03285,0,,,,,bet Hyi,G0V,1.09,0,,0,2.656e-01,-4.91124709664,,,0.0855,21.58
4953,,,,,,,,,,,,,,,,,,,,,,,,,,,,,,,,
4198,1355264565043431040,83945,219085795,,0.296,0.272,0.00000,,23.182,0,,,,,0.78932,1,,,,,G 203-47,M3.5V,6.95,1,0,0,5.101e+01,,,,,
5660,6604147121141267712,113283,206686962,4617.3,0.692,0.730,0.19635,,0.925,0,0.725,0.7460,9.807,316,-0.06216,1,,0.02660,4463.1090,4.5396,TW PsA,K4Ve,1.44,0,0,0,5.418e+00,-4.30713881236,,,0.5944,5.97
4667,4286249341336984576,,92923185,2957.0,0.173,0.143,0.00206,,1.197,0,,0.1766,,,0.45374,1,,,2928.8215,5.1135,,,,,,,,,-4.4,<3.0,0.0772,9.52
3323,3738099879558957952,65859,404519959,3697.0,0.503,0.501,0.04254,,1.093,0,,0.6139,,,0.35262,1,,0.00500,3391.0374,4.1033,BD+11 2576,M1.0Ve,1.92,0,0,0,1.033e+01,-4.75464313024,0.5,<3.0,0.0723,7.51
4359,,,,,,,,,,,,,,,,,,,,,,,,,,,,,,,,
4531,2257597439718033536,,406857100,3120.0,0.171,0.142,0.00250,,1.287,1,,,,,0.40519,1,,,,,,,,,,,,,-2.2,13,0.0726,2.31
438,96331172942614528,7981,113710966,5190.0,0.833,0.880,0.45351,,1.262,0,0.813,0.8740,,426,-0.04815,0,,0.01151,5092.7440,4.4769,107 Psc,K1V,1.56,0,0,1,3.182e+00,-4.97133747062,,,,
5897,,,,,,,,,,,,,,,,,,,,,,,,,,,,,,,,
5445,6575069780231675264,,,,,,,,1.064,2,,,,,0.53169,1,,,,,,,,,,,,,,,,
5623,6623351805412369024,,47423224,3172.0,0.230,0.199,0.00481,,1.206,0,,,,,0.12700,1,,,,,,,,,,,,,,,0.1543,36.46
317,411413822074322432,5336,602610678,,,,,,6.966,0,,,,,-0.02706,0,,,,,mu Cas,G5V,122.04,1,,1,,-4.91607333911,,,,
688,114207651462714880,12781,436856183,3430.0,0.369,0.356,0.01695,,1.080,0,,0.4408,,,0.49990,1,,0.00467,3179.1690,4.3180,VX Ari,M3V,1.13,0,0,0,1.778e+00,-4.98053532389,,,0.0572,13.87
4607,,91262,,,,,,,,,,,,,,,,,,,,,,,,,,,,,,
5665,,113368,,,,,,,,,,,,,,,,,,,,,,,,,,,,,,
2508,3828238392559860992,49986,77612635,3592.0,0.510,0.508,0.03903,,1.034,3,,0.6172,,,0.33917,1,,0.00822,3358.8308,4.2371,AN Sex,M2V,1.62,0,0,0,9.832e-01,-4.53015460577,0.3,<3.0,0.0836,9.11
4280,4375233191015944192,85295,327860248,4034.9,0.717,0.630,0.12275,,0.948,0,,,,,0.05101,1,,0.02408,,,HD 157881,K7V,1.39,0,0,1,4.217e+00,-4.45084970886,,,0.0988,5.19
3201,6135947032490329472,,248223026,,0.243,0.222,0.00563,,1.097,0,,,,,-0.30032,1,,,,,,,,,,,,,,,,
1499,999747822484300800,,322347050,3280.0,0.288,0.263,0.00865,,1.134,3,,0.3473,,,0.79438,1,,0.01465,3013.4104,4.3100,,,,,,,,,0.1,<3.0,,
121,2322561156529549440,,,,,,,,1.290,66,,,,,-0.32507,1,,,,,,,,,,,,,,,0.0537,8.45
4472,4177731838628465408,88574,41378014,3668.0,0.465,0.462,0.03523,,1.024,2,,0.4672,,,0.23031,1,,0.00534,3619.0828,4.7866,HD 165222,M0V,1.18,0,0,0,6.791e+00,-4.86491344179,,,0.0379,15.98
1735,3365063724883180288,,58998044,2884.0,0.156,0.128,0.00151,,1.611,0,,,,,0.59492,1,,,,,,,,,,,,,,,,
4461,2161121135533953536,,233068870,3062.0,0.195,0.164,0.00301,,1.448,0,,0.2099,,,-0.03921,1,,0.03002,3004.6438,5.0592,,,,,,,,,,,0.1643,1.85
4458,4468009917744160000,,404613256,,,,,,1.183,0,,,,,,,,,,,,,,,,,,,,,,
17,,,,,,,,,,,,,,,,,,,,,,,,,,,,,,,,
1850,,,,,,,,,,,,,,,,,,,,,,,,,,,,,,,,
4485,4145870293808914688,,363838130,3080.0,0.186,0.155,0.00279,,0.919,2,,,,,0.22496,1,,,,,,,,,,,,,,,0.2363,6.74
1899,5535361753834861312,,123480394,3012.0,0.191,0.160,0.00269,,1.095,0,,0.2027,,,0.12748,1,,,2960.3953,5.0687,,,,,,,,,,,0.1074,1.87
1724,5559035514779971456,33499,,,,,,,1.644,1,,0.2872,,,0.48272,1,,,3179.6157,4.4549,CD-44 3045,M3.5V,129.09,1,1,1,1.259e+04,,,,,
1723,5559035514776717312,33499,770851826,3431.0,,,,,2.876,8,,0.2926,,,0.43916,1,,,3179.4866,4.4405,CD-44 3045,M3.5V,129.09,1,1,1,1.259e+04,,,,,
2905,786834302080370304,,,,,,,,0.992,1,,,,,0.32871,1,,,,,,,,,,,,,0,<3.0,,
3127,6133474952391837824,61874,73232846,3341.0,0.220,0.190,0.00546,,1.084,0,,0.2554,,,0.47491,1,,0.00969,3075.3416,4.5806,L 399-68,M3V,2.74,0,0,0,6.751e+00,,,,,
4014,,80346,,,,,,,,,,,,,,,,,,,G 202-45,M3.0Ve,,,0,1,,-5.15643550819,,,,
4539,,89937,,,,,,,,,,,,,,,,,,,chi Dra,F7V,,,,,,,,,0.1805,16.37
1208,3288921720025503360,22449,,,,,,,3.925,0,1.208,1.4859,4.002,307,0.05756,0,,,6154.1100,4.0309,pi03 Ori,F6V,1.00,0,0,1,1.251e+00,-4.57263818175,,,2.1953,5.95
3162,3735000631158990976,62452,390651552,3297.0,0.331,0.313,0.01170,,1.094,0,,0.4097,,,0.72243,1,,0.01363,3038.9830,4.2507,Wolf 437,M3.5Ve,0.28,0,0,0,9.095e-01,-4.73094612917,0.1,<3.0,,
5067,2246206567973292160,101180,467254810,3437.0,0.387,0.377,0.01886,,1.051,1,,0.4064,,,0.18390,1,,0.00362,3384.8457,4.8381,G 262-15,M3V,1.04,0,0,0,1.574e+00,-4.71804717258,0,<3.0,0.1486,5.20
5377,1954170404122975232,,305387751,,,,,,1.015,0,,,,,,,,,,,,,,,,,,,,,,
3008,3698534434669937024,,397052407,3011.0,0.210,0.179,0.00328,,1.417,4,,,,,0.20220,1,,,,,,,,,,,,,,,0.1284,4.43
2039,5700706729031126656,,471012765,3225.0,,,,,1.101,5,,,,,0.71416,1,,,,,,,,,,,,,,,,
1475,3320184202856435840,,,,,,,,0.917,0,,,,,1.76221,1,,,,,,,,,,,,,,,,
4356,4550763526539955712,86287,230241767,3675.0,0.442,0.438,0.03213,,1.121,0,,0.5056,,,0.36740,1,,-0.00276,3631.1428,4.8197,BD+18 3421,M1.5Ve,1.36,0,0,0,9.805e-01,-5.04376889443,0.4,<3.0,,
1938,5273943488410008832,,300970893,,,,,,1.053,0,,,,,1.79381,1,,,,,,,,,,,,,,,,
1339,,,,,,,,,,,,,,,,,,,,,,,,,,,,,,,,
429,4911306239828325632,,231005905,5020.2,0.777,0.830,0.34537,,1.274,0,0.848,0.7550,0.518,108,-0.04320,0,,0.02029,5044.2400,4.5958,,,,,,,,-4.85208019017,,,0.2562,8.59
326,,5496,,,,,,,,,,,,,,,,,,,CD-68 47,M2.5V,,,0,1,,,,,,
428,4911306239828325760,7751,231005052,5107.2,0.704,0.860,0.30388,,1.216,0,0.773,0.7736,12.368,281,-0.10394,1,,0.02709,4902.2650,4.5288,p Eri,K2V+K2V,45.40,1,1,1,1.077e+03,-4.93908810138,,,,
4613,4479498508613790464,,,,,,,,1.908,89,,,,,,,,,,,,,,,,,,,,,,
511,4719430087707860736,,,,,,,,1.081,1,,,,,0.56843,1,,,,,,,,,,,,,,,0.0361,39.69
5672,2396530698208685312,113576,419012256,4081.1,0.634,0.640,0.10052,,1.089,1,0.635,0.7219,12.032,391,0.07268,1,,0.00972,3828.1167,4.4736,HD 217357,K7+Vk,2.31,0,0,0,1.237e+00,-4.44092264883,,,,
288,533621859441169920,4856,379084450,3452.0,0.464,0.461,0.02754,,1.002,0,,0.5608,,,0.46360,1,,0.00446,3272.1016,4.3509,Ross 318,M3.0Ve,1.77,0,0,0,1.887e+00,-4.98895420933,,,0.0143,17.67
2901,,,,,,,,,,,,,,,,,,,,,,,,,,,,,,,,
5302,,106255,,,,,,,,,,,,,,,,,,,Wolf 922,M4.5V,,,0,1,,,,,0.0693,20.37
4399,4594497838483177984,86974,,,,,,,9.111,72,,,,,0.55960,1,,,,,mu01 Her,G5IV,104.20,1,0,1,1.260e+04,,,,0.2265,31.59
4752,,,,,,,,,,,,,,,,,,,,,,,,,,,,,,,0.0284,5.62
963,,,,,,,,,,,,,,,,,,,,,,,,,,,,,,,,
7,4994877094997259264,,321979116,,,,,,1.138,0,,,,,2.25686,1,,,,,,,,,,,,,,,,
4401,4594497769766809216,86974,,,,,,,3.883,0,,,,,0.00816,0,,,,,mu01 Her,G5IV,104.20,1,0,1,1.260e+04,-5.13343256277,,,0.2265,6.73
4400,4594497834189213184,86974,1507920717,,,,,,4.305,80,,,,,-0.68640,0,,,,,mu01 Her,G5IV,104.20,1,0,1,1.260e+04,,,,0.2265,26.28
3356,3713594960831605760,,,,,,,,1.032,0,,,,,1.45926,1,,,,,,,,,,,,,,,,
4544,2159844052779000064,,,,,,,,0.966,1,,,,,0.56612,1,,,,,,,,,,,,,,,,
1264,2974726131970829952,23452,671220124,3923.0,,,,,1.818,47,,,,,0.42222,1,,,,,HD 32450,-,596.37,1,1,1,,-4.62226883622,,,0.0425,8.15
5848,2879455480942629248,,,,,,,,1.162,4,,,,,0.46003,1,,,,,,,,,,,,,,,0.1205,12.38
2849,5224460173763882496,,454682563,2928.0,0.149,0.122,0.00147,,1.285,0,,,,,0.43016,1,,,,,,,,,,,,,,,,
1263,2974726136265625088,23452,,,,,,,1.759,5,,,,,,,,,,,HD 32450,-,596.37,1,1,1,,-4.62226883622,,,0.0425,9.73
168,,,,,,,,,,,,,,,,,,,,,,,,,,,,,,,,
5397,2202703050401536000,,283414280,,,,,,1.025,1,,,,,1.67877,1,,,,,,,,,,,,,,,0.0131,19.82
3096,1534011998572555776,61317,,,,,,,2.110,0,0.977,1.1205,8.645,343,0.02711,0,,0.01227,5761.4200,4.3327,bet CVn,G0V,1.28,0,0,1,2.243e+00,-4.89364300545,,,0.0274,42.37
1591,3377365057060447616,,430044614,3202.0,0.190,0.159,0.00341,,1.174,0,,,,,0.34906,1,,,,,,,,,,,,,0,<3.0,,
4000,6021430250773733632,,,,,,,,0.996,0,,,,,0.68501,1,,,,,,,,,,,,-5.11502193117,,,0.0432,20.18
4001,6021430250773348736,80018,3657911,3436.0,0.401,0.393,0.02019,,1.169,0,,0.4885,,,0.49267,1,,0.00421,3155.9285,4.1578,CD-37 10765,,34.04,1,0,1,2.809e+03,-5.11502193117,,,0.0432,18.35
2148,5639391810273308416,,185617406,,,,,,1.335,0,,,,,0.88489,1,,,,,,,,,,,,,,,,
5646,2611561706216413696,,36694741,,,,,,0.929,0,,,,,1.76624,1,,,,,,,,,,,,,,,,
3273,3507879565090229888,64924,422478973,5562.0,0.984,0.980,0.83516,,1.179,0,,,,,-0.01116,0,,0.00941,,,61 Vir,G6.5V,2.29,0,0,1,3.526e+00,-4.93133796278,,,,
3210,3705324881045028992,,,,,,,,1.098,1,,,,,0.26915,1,,,,,,,,,,,,,-6,16.4,0.1518,4.89
1888,,,,,,,,,,,,,,,,,,,,,,,,,,,,,,,0.2170,8.73
5654,6378584028690858496,113229,273418879,3447.0,0.423,0.418,0.02280,,1.141,0,,0.5251,,,0.41753,1,,-0.00027,3193.6565,4.1898,L 49-19,M3V,0.61,0,0,0,2.280e+00,,,,,
808,3179036008830848,,328465904,3022.0,0.198,0.167,0.00294,,1.450,0,,0.2070,,,0.66431,1,,,2962.7512,4.9724,,,,,,,,,,,,
102,4900108950849461248,1599,,,,,,,3.211,0,1.013,1.1019,6.342,317,0.03715,0,,0.01228,5857.8096,4.2769,zet Tuc,F9.5V,1.53,0,0,0,2.748e+00,-4.78168272057,,,0.0427,48.27
3823,1165479168642900992,,393018418,2894.0,0.145,0.118,0.00133,,1.458,2,,,,,0.18340,1,,,,,,,,,,,,,,,0.0631,11.32
2186,5761985432616501376,,7975441,,,,,,0.879,0,,,,,-0.60214,1,,,,,,,,,,,,,,,,
1464,3399063235755057792,27913,,,,,,,5.625,0,1.000,1.0481,5.869,303,-0.01951,0,,0.02534,5808.1790,4.3354,chi01 Ori,G0V,20.94,1,0,1,4.301e+02,-4.41661270080,,,1.9323,7.28
1513,2886233695250041216,,160329609,2998.0,0.290,0.266,0.00614,,1.176,5,,,,,-0.10360,1,,,,,,,,,,,,,,,0.6027,1.20
2860,3464485826872541440,,454012528,3156.0,0.210,0.179,0.00395,,1.393,3,,0.2281,,,0.34939,1,,0.01634,3080.9010,5.0372,,,,,,,,,,,,
4146,4365609170043180416,,189843364,3258.0,0.264,0.236,0.00708,,0.919,3,,0.3174,,,0.42319,1,,0.04035,3001.3828,4.3906,,,,,,,,,-4.2,9.3,0.4512,0.82
426,4960651016012601856,,42071226,2973.0,0.169,0.139,0.00201,,1.681,0,,,,,0.53293,1,,,,,,,,,,,,,,,,
2771,,,,,,,,,,,,,,,,,,,,,,,,,,,,,,,,
2767,,,,,,,,,,,,,,,,,,,,,,,,,,,,-4.26288614096,,,4.9212,4.29
175,2794735086363871360,,426959594,,,,,,0.969,0,,,,,0.91897,1,,,,,,,,,,,,,,,,
1703,3101923001490347392,32984,282210766,4718.9,0.701,0.760,0.21961,,1.266,0,0.739,0.7508,10.144,358,-0.02136,1,,0.01768,4572.6220,4.5617,HD 50281,K3.5V,4.08,1,0,1,9.114e+00,-4.55406021932,,,0.2404,8.28
1702,3101920046552857728,,282210724,3529.0,0.442,0.438,0.02729,,1.151,0,,0.5298,,,0.38624,1,,0.00256,3295.0776,4.3432,,,,,,,,-4.20564805858,,,,
2906,4031586157514097024,57802,144400022,3640.0,0.460,0.458,0.03354,,1.040,1,,0.5501,,,0.35532,1,,0.00106,3590.2880,4.7863,MCC 135,M1.5V,0.45,0,0,0,4.201e+00,-4.61769156086,0.2,<3.0,0.0747,0.76
4864,,,,,,,,,,,,,,,,,,,,,,,,,,,,,,,,
4255,5951165616611763456,84720,217157387,5380.0,0.774,0.930,0.45164,,0.817,0,0.829,0.8411,11.022,297,-0.05624,0,,0.02143,5182.5312,4.4879,41 Ara,G8/K0V,30.90,1,1,1,8.327e+02,-4.94104109863,,,0.0342,38.45
5478,2627117287488522240,109388,248027247,3407.0,0.464,0.461,0.02612,,1.354,6,,0.5518,,,0.52445,1,,,3229.7640,4.3425,BD-05 5715,M3.5V,2.95,0,0,0,7.816e+00,-4.89796398163,0.4,<3.0,,
5023,6847167606385195648,99825,326096771,5071.0,0.824,0.850,0.40403,,0.963,0,0.816,0.8518,10.535,413,-0.06306,1,,0.01011,4978.2350,4.4981,HD 192310,K2+V,1.55,0,0,0,3.958e+00,-5.30569523093,,,,
5064,,,,,,,,,,,,,,,,,,,,,,,,,,,,,,,0.1626,0.93
4254,5951165616635298816,,217157392,,,,,,17.542,0,,,,,-0.51768,0,0.71000000,,,,,,,,,,,-4.94104109863,,,0.0342,43.19
4746,4519789321942643072,93873,,,,,,,0.807,0,,0.3943,,,0.38394,1,,,3227.8850,4.2259,Ross 730,M2.0V,0.91,0,0,1,2.152e+00,-5.53936460171,,,,
4747,4519789081415296128,93899,384673951,3553.0,0.336,0.318,0.01624,,1.015,1,,0.3829,,,0.38995,1,,0.00189,3279.9556,4.4163,HD 349726,M2V,1.58,0,0,1,3.139e+00,-5.59119872423,0.1,<3.0,,
1625,5260759175761502976,31292,142086813,3350.0,0.331,0.313,0.01246,,1.139,1,,,,,0.37207,1,,,,,L 32-8,M3V,2.51,0,1,1,1.369e+00,,,,0.0688,13.66
1624,5260759175761501696,31293,142086812,3461.0,0.425,0.419,0.02335,,1.089,0,,0.4999,,,0.45791,1,,0.00583,3244.3787,4.3838,L 32-9,M2V,5.96,1,1,1,2.561e+01,,,,0.0688,9.69
1252,3211461469444773376,23311,213041474,4930.9,0.738,0.810,0.29023,,0.975,0,,0.8604,,417,-0.08885,1,,-0.00468,4626.9100,4.4978,HD 32147,K3+V,0.70,0,0,0,3.366e-01,-5.01583925298,,,0.0433,13.90
1970,922225002820369152,38956,371272665,3281.0,0.294,0.270,0.00903,,1.232,5,,,,,0.38990,1,,,,,G 111-47,M3.5Ve,0.24,0,0,0,4.562e-01,,0.1,<3.0,,
5587,2400808245117576704,111802,262039243,3328.0,0.340,0.322,0.01276,,1.943,1,,0.4195,,,0.31524,1,,0.03341,3059.8752,4.2816,FK Aqr,M0Vep,5.95,1,0,1,4.750e+01,,,,4.0336,16.55
3050,3519785523672576384,60559,22395594,3510.0,0.287,0.262,0.01125,,1.104,1,,0.3262,,,0.54391,1,,,3218.6958,4.4619,Ross 695,M2,0.52,0,0,0,1.871e-01,-5.54878463899,0.2,<3.0,,
910,4736655036868019072,,200851011,,,,,,1.005,0,,,,,0.44151,1,,,,,,,,,,,,,,,,
1615,5260451999700465536,,735196636,,,,,,1.274,27,,,,,-0.09340,1,,,,,,,,,,,,,,,0.0491,10.47
1616,5260451999698559872,,735196635,,,,,,2.261,0,,,,,,,,,,,,,,,,,,,,,0.0491,8.06
1841,,,,,,,,,,,,,,,,,,,,,,,,,,,,,,,,
1425,2964001014514075520,,93279196,5250.0,0.639,0.900,0.27963,,1.005,0,0.800,0.7933,5.856,353,-0.07244,1,,0.01978,4794.6724,4.5283,,,,,,,,-4.10651416409,,,0.3871,4.58
5588,2400808142038361088,111802,262039241,3565.0,0.602,0.589,0.05268,,2.936,1,,0.8049,,,0.24239,1,,,3307.9480,3.9399,FK Aqr,M0Vep,5.95,1,0,1,4.750e+01,-4.11183368199,,,4.0336,8.22
1427,2964000159821218432,27072,,,,,,,3.232,0,1.171,1.3742,4.002,300,0.04955,0,,0.00248,6149.2230,4.2018,gam Lep,F6V,2.83,0,0,1,7.964e+00,-4.86157168291,,,,
2053,3089711447388931584,40501,455139555,3550.0,0.443,0.439,0.02806,,1.080,3,,0.5090,,,0.03648,1,,,3286.0022,3.9676,G 113-20,M2.0V,1.05,0,0,0,2.482e+00,-4.90780243088,0.3,<3.0,,
1758,981548637301374336,,252933112,3082.0,0.213,0.182,0.00367,,18.898,12,,,,,-0.43892,1,,,,,,,,,,,,,,,,
938,5164120762333028736,17378,,,,,,,2.992,0,,,,,,,,,,,del Eri,K0+IV,1.37,0,0,0,2.756e+00,,,,0.0317,23.06
2774,1057318835428596096,55360,99937206,3808.0,0.484,0.482,0.04434,,1.096,0,,0.5491,,185,0.31113,1,,0.00412,3550.6685,4.4305,SZ UMa,M2V,1.69,0,0,1,1.477e+00,-4.82562000842,,,0.0263,12.03
2842,3478160727866058368,56528,57654763,3605.0,0.469,0.467,0.03352,,1.014,0,,0.4805,,,0.15323,1,,0.00066,3580.5154,4.7611,CD-31 9113,M2V,1.42,0,0,0,1.443e+00,-4.94299309018,,,,
579,74203982469858816,,408587159,2846.0,0.136,0.110,0.00109,,1.565,2,,,,,-0.13779,1,,,,,,,,,,,,,,,0.0357,9.64
5316,,,,,,,,,,,,,,,,,,,,,,,,,,,,,,,,
201,2349916559152267008,,27986571,,,,,,0.988,0,,,,,1.73485,1,,,,,,,,,,,,,,,,
5439,1893189736896880640,108706,283410775,3240.0,0.313,0.291,0.00972,,1.167,4,,,,,-0.02192,1,,,,,V374 Peg,M3.5Ve,3.27,1,0,0,1.037e+01,,-5.1,36,0.4297,6.96
3503,6109949904687424640,,1053225430,,,,,,9.244,34,,,,,-0.91580,1,,,,,,,,,,,,,,,,
1707,954697944875755136,,191947016,,,,,,1.204,0,,,,,,,,,,,,,,,,,,,,,,
3247,1460229442589223424,64394,,,,,,,2.461,0,1.029,1.1474,6.349,324,0.02326,0,,,5899.0034,4.3304,bet Com,F9.5V,2.34,0,0,1,4.421e+00,-4.69046446654,,,0.3808,4.74
1901,5717278911884258176,,289113764,,,,,,1.022,0,,,,,0.66226,1,,,,,,,,,,,,,,,,
1900,5717278911884264576,,289113766,2816.0,0.124,0.100,0.00088,,1.087,0,,,,,-0.36591,1,,,,,,,,,,,,,,,,
1799,,,,,,,,,,,,,,,,,,,,,,,,,,,,,,,,
983,3303349202364648320,,415339665,,,,,,1.210,0,,,,,,,,,,,,,,,,,,,,,,
2914,4034171629042489088,57939,309599261,4934.5,0.664,0.810,0.23521,,0.880,0,,0.6248,,,0.01219,0,,0.03830,5043.2183,4.6271,HD 103095,K1V_Fe-1.5,0.96,0,0,0,1.413e+00,-4.85351323531,,,,
3390,1470462322431834880,66906,,,,,,,0.894,1,,,,,0.58660,1,,,,,Ross 1015,M4V,1.56,0,0,0,3.193e+00,,,,,
4416,4371611781971072768,,39591415,,,,,,1.053,0,,,,,,,,,,,,,,,,,,,,,,
1293,2976507997939000064,23932,146538232,3321.0,0.524,0.522,0.03013,,4.355,3,,,,,0.66684,1,,,,,L 737-9,M3.5V,6.96,1,0,1,4.146e+01,-4.92294361474,,,0.0422,29.23
516,2571094283835172736,,347509900,2856.0,0.139,0.113,0.00116,,1.694,0,,,,,0.31393,1,,,,,,,,,,,,,,,,
1242,,,,,,,,,,,,,,,,,,,,,,,,,,,,,,,,
1269,2976850598890749824,23512,,,,,,,1.160,0,,,,,0.58306,1,,,,,LP 776-46,M3V,0.34,0,0,1,3.352e-02,-5.16935157109,,,,
5277,6401464693867773568,105858,,,,,,,2.164,0,1.124,1.1020,1.860,189,0.03799,0,,0.04443,6092.6636,4.2457,gam Pav,F9VFe-1.4CH-0.7,0.93,0,0,0,9.878e-01,-4.43354424656,,,,
5768,,,,,,,,,,,,,,,,,,,,,,,,,,,,,,,,
1933,3085716990368639744,,122868995,3138.0,,,,,1.399,1,,0.2396,,,0.45341,1,,0.02190,3074.9465,5.0190,,,,,,,,,,,,
840,3269362645115584640,15457,343813545,5711.9,0.945,1.020,0.85729,,1.338,0,,,,,,,,0.03529,,,kap01 Cet,G5V,0.52,0,0,1,3.193e-01,-4.38804300292,,,1.3519,11.49
3522,1227133699053734528,,310417889,,,,,,1.154,0,,,,,,,,,,,,,,,,,,,,,,
3521,,,,,,,,,,,,,,,,,,,,,,,,,,,,,,,,
51,423027104407576576,,452882423,2868.0,0.133,0.107,0.00108,,1.140,0,,,,,0.18873,1,,,,,,,,,,,,,,,,
2880,5381537023379295744,,454082373,3225.0,0.201,0.170,0.00395,,1.581,2,,0.2359,,,0.59204,1,,0.02580,3003.0886,4.6730,,,,,,,,,,,,
3020,,,,,,,,,,,,,,,,,,,,,,,,,,,,,,,,
527,5138510181584617856,9724,632483638,3588.0,0.463,0.503,0.03196,,15.138,17,,,,,0.22747,1,,,,,BD-18 359,M2.5,92.35,1,0,1,6.920e+03,-4.79842398079,0.3,<3.0,0.1008,31.69
2879,5381537023379295232,57443,454082369,5672.0,0.951,1.010,0.84401,,0.931,0,0.890,1.0136,12.461,325,0.00120,0,,0.02159,5538.9297,4.3867,HD 102365,G2.5III,3.35,1,0,1,1.225e+01,-4.88357510485,,,,
4542,4485574134969389312,,156746159,,,,,,1.156,0,,,,,,,,,,,,,,,,,,,,,,
3454,3727748630418376704,,,,,,,,1.591,0,,,,,0.28840,1,,,,,,,,,,,,,0,<3.0,,
932,4667836363565989120,,31961338,,,,,,1.189,0,,,,,,,,,,,,,,,,,,,,,,
529,5020179503252128768,9786,123366965,3406.0,0.237,0.207,0.00682,,1.254,0,,0.2711,,,0.58388,1,,,3120.9514,4.5326,CD-30 731,M2.5+V,1.87,0,0,0,2.829e+00,,,,,
1153,3186021141200137472,,55997020,,,,,,0.996,0,,,,,1.68989,1,,,,,,,,,,,,,,,,
4837,,,,,,,,,,,,,,,,,,,,,,,,,,,,,,,,
2413,5412250540681250560,47780,34068865,3536.0,0.458,0.455,0.02951,,0.972,1,,0.5329,,,0.06471,1,,,3282.4324,3.9365,CD-45 5378,M1.0,3.81,1,0,0,2.973e+00,,,,,
2374,5664814198431308288,47103,413248763,3490.0,0.360,0.346,0.01734,,1.119,0,,0.4255,,,0.51866,1,,,3204.3516,4.2799,L 678-39,M2.5V,0.35,0,0,0,3.318e+00,-5.35126506555,,,,
1527,1143321672882274560,29277,138421058,3506.0,0.418,0.411,0.02373,,1.075,2,,0.5012,,,0.50735,1,,-0.00024,3250.4275,4.2872,G 222-11,M2.5V,1.66,0,0,0,9.049e-01,-4.94501796573,,,0.0226,27.54
2937,5368479017141170304,,332470458,,,,,,1.427,0,,,,,-0.35543,1,,,,,,,,,,,,,,,0.1152,0.98
4478,4147112604476417792,,362144730,2904.0,0.145,0.118,0.00135,,1.108,0,,0.1462,,,0.01458,1,,,2883.7341,5.1855,,,,,,,,,,,,
1177,3409711211681795584,21932,397354290,3543.0,0.487,0.485,0.03366,,0.888,1,,,,,0.18710,1,,,,,HD 285968,M2.5V,0.81,0,0,0,4.361e+00,-4.80355637119,0.2,<3.0,0.0458,30.69
3111,6078114541943893888,61629,160197982,3433.0,0.424,0.418,0.02250,,1.005,0,,0.5255,,,0.45809,1,,0.00955,3163.5781,4.1337,CD-51 6859,M3V(e),1.10,0,0,0,7.922e-01,-4.58240979973,,,0.1480,8.90
2146,1040827088726734976,,445064836,2902.0,0.156,0.128,0.00155,,1.251,1,,,,,0.32593,1,,,,,,,,,,,,,,,,
2308,5203276810942065536,,452465896,3109.0,0.251,0.222,0.00530,,1.450,3,,,,,0.52214,1,,,,,,,,,,,,,,,,
1507,970354749937140736,,467119250,2999.0,0.171,0.141,0.00212,,1.279,0,,,,,0.48445,1,,,,,,,,,,,,,,,,
4389,1349047857580994560,86776,193603077,3485.0,0.434,0.429,0.02501,,1.089,0,,0.5025,,,0.34230,1,,0.00355,3275.0290,4.3702,BD+43 2796,M2V,0.81,0,0,1,2.906e-01,-4.93354351180,0.3,<3.0,0.0357,1.52
5097,1810616448010879488,,340807280,3113.0,0.223,0.193,0.00422,,1.122,0,,,,,0.48288,1,,,,,,,,,,,,,-0.1,<3.0,,
2440,628080246633611520,,88099283,3089.0,0.179,0.148,0.00262,,1.177,0,,0.1804,,,0.59310,1,,0.05339,3006.4802,4.9496,,,,,,,,,,,0.0386,29.48
2836,3478127467639543296,,901118575,,,,,,0.981,0,,,,,1.72750,1,,,,,,,,,,,,-4.94612614616,,,,
2835,3478127463341507072,56452,57611256,5140.0,0.767,0.870,0.36996,,0.756,0,0.867,0.7606,,100,-0.01053,0,,0.02203,5225.1025,4.5879,20 Crt,K0V,17.77,1,0,1,2.574e+02,-4.94612614616,,,,
5050,2188318517720321664,,352617553,3025.0,0.196,0.165,0.00289,,1.419,2,,0.2023,,,0.60298,1,,,2982.6692,5.0699,,,,,,,,,0,<3.0,,
2859,4025850731201819392,56997,101641846,5502.0,0.870,0.970,0.62542,,1.140,0,0.872,0.9092,10.402,311,-0.01300,0,,0.02282,5394.3170,4.4601,61 UMa,G8V,0.56,0,0,1,7.857e-02,-4.53976118469,,,0.3850,11.32
5150,6779821003058453120,,89257479,3093.0,0.204,0.173,0.00343,,1.266,1,,0.2162,,,0.07409,1,,0.03178,3036.3930,5.0526,,,,,,,,,,,0.0477,26.50
2390,5425628298649940608,47425,259999047,3409.0,0.423,0.417,0.02176,,1.081,1,,0.4822,,,0.30633,1,,,3193.7021,4.0045,CD-40 5404,M3V,0.31,0,0,1,1.854e-01,,,,0.2072,13.50
2863,,,,,,,,,,,,,,,,,,,,,,,,,,,,,,,,
970,43574131143039104,,242941982,3087.0,0.201,0.169,0.00329,,3.730,4,,,,,0.19301,1,,,,,,,,,,,,,-0.6,<3.0,,
3484,1725759404752580736,,309999964,,,,,,1.254,2,,,,,,,,,,,,,,,,,,,,,,
4336,5946986063684477056,86057,325624908,3563.0,0.459,0.456,0.03063,,0.989,0,,0.5473,,,0.44383,1,,,3235.1426,4.0199,CD-48 11837,M3V,40.53,1,0,1,8.601e+03,,,,,
2299,5742299050967060352,,836482647,,,,,,,39,,,,,-0.07310,1,,,,,,,,,,,,,,,0.0565,38.21
4335,5946986063671469824,,1517877493,3287.0,,,,,1.293,0,,0.2572,,,0.66161,1,,0.02264,3004.7278,4.6044,,,,,,,,,,,,
277,,,,,,,,,,,,,,,,,,,,,,,,,,,,,,,,
3867,6254033894121581952,76901,,,,,,,3.552,1,,,,,-0.64133,1,,,,,L 768-119,M3,3.94,1,0,0,1.004e+01,,,,,
5128,6794047652729201024,102409,441420236,,0.698,0.662,0.00000,,0.927,1,,,,,0.09406,1,,,,,AU Mic,M1VeBa1,0.86,0,0,1,1.576e+00,-3.88315122111,,,6.1233,1.18
440,4698424845771339520,,24705587,,,,,,1.049,0,,,,,2.01317,1,,,,,,,,,,,,,,,,
5577,,,,,,,,,,,,,,,,,,,,,,,,,,,,,,,,
5068,1749030362195988096,,374469464,,,,,,1.271,0,,,,,,,,,,,,,,,,,,,,,,
2654,750586216906847104,,900072372,3210.0,,,,,10.243,56,,,,,-0.35580,1,,,,,,,,,,,,,,,,
744,5052876333365036928,,91591962,,,,,,1.162,0,,,,,,,,,,,,,,,,,,,,,,
1165,3200303384927512960,,298907057,2770.0,0.121,0.096,0.00077,,1.099,0,,,,,-0.60491,1,,,,,,,,,,,,,,,0.0649,11.72
2736,,,,,,,,,,,,,,,,,,,,,,,,,,,,,,,,
2865,4017860992519744384,57087,138819293,3456.0,0.425,0.420,0.02326,,1.125,2,,0.4826,,,0.35017,1,,,3228.1418,4.0089,Ross 905,M3V,1.27,0,0,0,1.377e+00,-5.00276918957,0.2,<3.0,0.0272,46.62
304,2358022227591374336,,268633473,3020.0,,,,,1.153,2,,,,,0.21416,1,,,,,,,,,,,,,,,,
5104,6792436799477051904,102141,441398770,,0.649,0.627,0.00000,,2.264,0,,0.6331,,,-0.12282,1,,0.04613,3111.9490,4.3180,AT Mic,M4.5Ve,154.44,1,1,1,2.036e+04,,,,4.0998,6.22
3763,1589250088362827776,,,,,,,,1.203,0,,,,,,,,,,,,,,,,,,,,,,
4104,1314438839310796800,82003,224329387,4044.0,0.704,0.630,0.11929,,0.985,0,,0.7516,,298,0.05290,1,,0.01592,3880.6682,4.4750,HD 151288,K7.5Ve,1.53,0,0,0,3.582e+00,-4.53435995419,,,0.0330,34.32
5337,,,,,,,,,,,,,,,,,,,,,,,,,,,,,,,,
289,522863309964987520,4872,256419669,3629.0,0.540,0.536,0.04557,,1.036,1,,0.5719,,,0.13680,1,,0.01424,3594.5579,4.6423,BD+61 195,M1.5V,0.55,0,0,1,3.478e+00,-4.39610850443,0.2,<3.0,,
298,522864272041351296,,,,,,,,1.072,2,,,,,-0.04904,1,,,,,,,,,,,,,,,0.2375,14.58
155,527956488340229632,2552,,,,,,,5.886,44,,,,,-0.74802,0,0.31676766,,,,BD+66 34,M2V+M3V,108.11,1,1,1,,,,,0.1031,10.01
2051,5699418131466175488,,437229644,3331.0,,,,,1.394,22,,0.2913,,,0.33086,1,,0.01373,3189.2764,4.9691,,,,,,,,,,,,
4078,4358031335898505472,81300,,,,,,,0.950,0,0.822,0.8696,12.081,348,-0.04536,0,,0.02847,5106.7000,4.4810,12 Oph,K1V,1.71,0,0,1,2.490e+00,-4.57150469843,,,0.3099,4.06
1151,272855565763652480,21553,,,,,,,1.172,1,0.606,0.6635,10.321,261,0.10779,1,,0.01322,3760.6282,4.5050,HD 232979,M0.5V,0.93,0,0,1,9.306e-02,-4.52612409548,,,0.1063,3.67
2355,3840711729206827520,46655,383218397,3348.0,0.323,0.303,0.01184,,1.105,2,,0.3904,,,0.63142,1,,0.00727,3088.8386,4.3057,G 48-20,M3.5Ve,2.56,0,0,0,1.058e+01,,0.1,<3.0,,
4178,1412645602995521920,,274626553,3103.0,0.216,0.185,0.00389,,1.299,0,,0.2288,,,0.46962,1,,0.02314,3045.3743,5.0333,,,,,,,,,,,,
5103,6792436799475128960,102141,1992325965,,,,,,2.331,2,,,,,-0.21144,1,,,,,AT Mic,M4.5Ve,154.44,1,1,1,2.036e+04,,,,4.0998,4.20
966,3243715604392800512,,471012343,3305.0,,,,,1.685,0,,0.2315,,,0.32629,1,,0.01768,3201.4258,5.0366,,,,,,,,,0.1,<3.0,,
4625,4535928365908540416,,317177585,3132.0,0.356,0.341,0.01098,,1.159,4,,,,,0.17671,1,,,,,,,,,,,,,,,0.1894,12.19
3687,,,,,,,,,,,,,,,,,,,,,,,,,,,,-4.04846588547,,,0.5367,0.98
3479,6109610086872510592,,242189360,3221.0,0.219,0.188,0.00464,,1.329,0,,,,,0.13300,1,,,,,,,,,,,,,,,,
4626,4535928365908541440,,317177580,2939.0,0.229,0.198,0.00352,,1.193,1,,0.1812,,,0.61262,1,,,2899.0293,5.1052,,,,,,,,,,,0.1894,17.10
3688,1187851653287128576,72944,258105174,3554.0,0.477,0.475,0.03275,,1.193,0,,0.5961,,,0.43878,1,,,3268.7998,4.0758,BD+16 2708,M3V,39.33,1,0,1,2.764e+03,-4.04846588547,,,0.5367,4.78
154,527956488339113600,2552,420470817,3436.0,,,,,1.541,1,,,,,,,,,,,BD+66 34,M2V+M3V,108.11,1,1,1,,,,,0.1031,8.39
3594,1618010323247026560,,154383758,,0.115,0.091,0.00000,,1.131,0,,,,,-0.35734,1,,,,,,,,,,,,,,,,
4565,,,,,,,,,,,,,,,,,,,,,,,,,,,,,,,,
647,102162639019033600,,22750743,3194.0,0.243,0.214,0.00556,,1.423,0,,0.2605,,,0.37688,1,,0.03736,3089.2524,4.8588,,,,,,,,,-2.7,3.1,0.1477,12.87
1638,3359074685047632640,31635,307809773,3807.0,0.466,0.463,0.04102,,1.087,0,,0.5284,,,0.33052,1,,,3503.4954,4.2336,HD 260655,M0.0Ve,2.17,0,0,1,2.339e-01,-4.89805139589,0.4,<3.0,0.0341,10.11
